Symbol,Price,Type,Strike,"Exp Date",DTE,Bid,Midpoint,Ask,Last,Volume,"Open Int",Vol/OI,IV,Time
CSCO,44.72,Call,48.50,06/12/20,21,0.17,0.18,0.18,0.19,23738,129,184.02,28.49%,"13:16 ET"
LB,14.57,Call,15.50,05/29/20,7,0.40,0.43,0.45,0.41,13255,139,95.36,96.81%,"13:10 ET"
ABT,90.71,Call,94.00,05/29/20,7,0.42,0.44,0.45,0.45,6859,111,61.79,31.45%,"13:22 ET"
ROKU,108.44,Call,110.00,05/22/20,0,0.28,0.3,0.32,0.31,5138,154,33.36,0.00%,"13:25 ET"
HSBC,23.09,Put,23.00,07/17/20,56,1.30,1.32,1.34,1.30,9866,300,32.89,37.95%,"13:12 ET"
NOK,3.85,Call,4.00,08/21/20,91,0.35,0.36,0.36,0.35,16332,501,32.6,53.27%,"13:17 ET"
JD,50.02,Call,50.00,09/18/20,119,5.95,6,6.05,6.00,32049,1012,31.67,51.38%,"13:28 ET"
LUV,28.72,Call,28.00,06/19/20,28,2.40,2.43,2.45,2.40,18586,629,29.55,65.56%,"13:02 ET"
CHWY,42.14,Call,42.00,05/22/20,0,0.40,0.45,0.50,0.45,11945,405,29.49,0.00%,"13:11 ET"
CERS,5.82,Call,6.00,06/19/20,28,0.30,0.32,0.35,0.34,11623,416,27.94,67.52%,"13:30 ET"
EBAY,43.13,Call,42.50,06/19/20,28,1.71,1.77,1.82,1.68,3086,118,26.15,28.20%,"12:23 ET"
DKNG,28.9,Put,40.00,06/19/20,28,11.80,11.95,12.10,11.76,2902,114,25.46,111.25%,"11:11 ET"
CGC,19.08,Put,16.00,05/29/20,7,0.20,0.22,0.23,0.22,4458,191,23.34,125.11%,"13:29 ET"
TSM,49.78,Put,51.00,05/22/20,0,1.15,1.23,1.30,1.12,3123,142,21.99,0.00%,"12:26 ET"
T,29.75,Put,29.50,05/29/20,7,0.34,0.35,0.35,0.34,35703,1642,21.74,27.95%,"13:29 ET"
BABA,200.49,Put,180.00,08/21/20,91,7.15,7.25,7.35,7.20,2348,112,20.96,40.87%,"13:16 ET"
FEYE,11.83,Call,12.50,06/19/20,28,0.66,0.67,0.67,0.67,3403,167,20.38,72.14%,"13:21 ET"
OSTK,17.49,Call,18.00,05/29/20,7,1.05,1.08,1.10,1.05,4996,253,19.75,130.48%,"13:20 ET"
BMY,61.23,Put,60.00,06/05/20,14,0.72,0.76,0.79,0.76,4039,206,19.61,27.42%,"13:25 ET"
ROKU,108.44,Call,110.00,05/29/20,7,3.05,3.1,3.15,3.05,3144,164,19.17,62.29%,"13:24 ET"
ABT,90.71,Call,91.50,05/29/20,7,1.14,1.17,1.20,1.15,2908,154,18.88,30.79%,"13:24 ET"
VNO,34.22,Put,30.00,09/18/20,119,2.80,2.85,2.90,2.90,5025,275,18.27,66.54%,"13:18 ET"
MA,294.98,Call,300.00,05/29/20,7,2.74,2.79,2.83,2.88,9317,540,17.25,30.83%,"13:11 ET"
ROKU,108.44,Put,114.00,06/12/20,21,9.60,10.08,10.55,9.78,1665,108,15.42,63.11%,"12:51 ET"
WYNN,78,Call,79.00,05/22/20,0,0.28,0.31,0.33,0.26,1546,104,14.87,0.00%,"13:17 ET"
WORK,31.86,Call,30.50,06/05/20,14,3.00,3.1,3.20,3.12,3331,231,14.42,99.26%,"12:48 ET"
TPX,59.27,Call,70.00,06/19/20,28,0.70,0.8,0.90,0.60,2500,174,14.37,53.08%,"12:54 ET"
SIG,10.13,Call,12.00,06/19/20,28,0.70,0.73,0.75,0.71,15381,1083,14.2,120.50%,"13:21 ET"
DVA,77.4,Put,65.00,01/15/21,238,4.60,4.9,5.20,5.10,2245,160,14.03,45.54%,"12:41 ET"
UPLD,32.05,Call,40.00,10/16/20,147,1.70,1.95,2.20,1.95,1530,117,13.08,54.46%,"12:53 ET"
HTZ,2.86,Call,2.00,05/29/20,7,1.10,1.3,1.50,1.22,2373,183,12.97,553.12%,"13:14 ET"
TWLO,206.42,Call,205.00,05/22/20,0,1.90,2.08,2.26,2.17,9624,743,12.95,0.00%,"13:14 ET"
BMY,61.23,Call,62.00,06/12/20,21,1.16,1.19,1.22,1.16,1550,121,12.81,25.25%,"13:23 ET"
INTC,61.84,Put,54.00,06/19/20,28,0.35,0.36,0.37,0.39,3489,276,12.64,42.24%,"12:38 ET"
TPX,59.27,Put,52.50,06/19/20,28,1.45,1.55,1.65,1.40,2982,237,12.58,62.79%,"12:58 ET"
CHWY,42.14,Call,42.50,05/29/20,7,1.20,1.28,1.35,1.30,1291,104,12.41,59.04%,"13:12 ET"
TIF,125.4,Put,110.00,01/15/21,238,4.50,6,7.50,5.00,2500,207,12.08,30.22%,"10:16 ET"
ROKU,108.44,Call,109.00,05/22/20,0,0.57,0.6,0.62,0.58,1215,102,11.91,0.00%,"13:24 ET"
TLRY,9.97,Call,10.50,05/22/20,0,0.10,0.12,0.14,0.14,11848,1038,11.41,0.00%,"13:30 ET"
TPX,59.27,Call,60.00,06/19/20,28,3.70,3.85,4.00,3.80,3150,282,11.17,63.63%,"13:03 ET"
TAL,53.61,Call,65.00,08/21/20,91,1.20,1.23,1.25,1.25,9617,863,11.14,42.31%,"13:27 ET"
ROKU,108.44,Call,111.00,05/22/20,0,0.14,0.16,0.17,0.15,1242,113,10.99,0.00%,"13:24 ET"
XEC,26.26,Put,25.00,06/19/20,28,1.40,1.48,1.55,1.40,1503,138,10.89,70.11%,"10:47 ET"
BAC,22.73,Put,18.00,07/17/20,56,0.40,0.41,0.41,0.40,7703,726,10.61,59.91%,"13:27 ET"
COUP,226.32,Call,225.00,05/22/20,0,2.05,2.22,2.40,2.50,1085,105,10.33,0.00%,"13:15 ET"
TWLO,206.42,Put,200.00,05/22/20,0,0.10,0.12,0.14,0.12,3337,323,10.33,0.00%,"13:11 ET"
SYY,51.87,Put,49.00,05/29/20,7,0.50,0.6,0.70,0.65,1032,100,10.32,60.62%,"12:39 ET"
PDD,66.71,Call,64.00,05/22/20,0,2.45,2.68,2.90,2.90,1291,126,10.25,0.00%,"13:18 ET"
FISV,103.89,Put,100.00,09/18/20,119,7.60,8,8.40,8.05,1425,141,10.11,43.56%,"10:23 ET"
T,29.75,Put,27.00,10/16/20,147,1.53,1.56,1.59,1.58,3800,376,10.11,39.14%,"12:06 ET"
GOOG,1399,Put,1395.00,05/22/20,0,1.15,1.38,1.60,1.15,1241,130,9.55,0.00%,"13:22 ET"
INTC,61.84,Call,68.00,06/05/20,14,0.15,0.16,0.16,0.15,3237,342,9.46,33.31%,"13:15 ET"
SPOT,191.13,Call,200.00,10/16/20,147,18.30,18.6,18.90,18.90,1066,115,9.27,46.01%,"12:53 ET"
TLRY,9.97,Call,10.00,07/17/20,56,1.27,1.29,1.30,1.29,11609,1261,9.21,81.20%,"13:30 ET"
NEPT,3.28,Call,4.00,08/21/20,91,0.50,0.73,0.95,0.65,1008,111,9.08,136.73%,"12:30 ET"
EXPE,78.32,Call,78.50,05/22/20,0,0.30,0.38,0.45,0.35,1074,120,8.95,0.00%,"13:13 ET"
TSLA,824.12,Call,825.00,05/22/20,0,3.90,4,4.10,3.65,14201,1629,8.72,0.00%,"13:15 ET"
TLRY,9.97,Call,13.00,07/17/20,56,0.62,0.66,0.69,0.65,2124,249,8.53,97.91%,"13:27 ET"
VALE,8.98,Put,7.00,07/17/20,56,0.13,0.14,0.14,0.14,1267,149,8.5,61.21%,"12:51 ET"
WSM,66.39,Put,62.50,06/19/20,28,2.85,2.93,3.00,2.95,1546,186,8.31,65.54%,"13:08 ET"
BABA,200.49,Call,202.50,05/22/20,0,0.31,0.33,0.34,0.32,15065,1812,8.31,0.00%,"13:28 ET"
WYNN,78,Call,78.00,05/22/20,0,0.62,0.68,0.73,0.69,888,108,8.22,0.00%,"13:17 ET"
BJ,36.9,Put,35.00,06/19/20,28,1.10,1.13,1.15,1.10,4802,590,8.14,47.75%,"13:26 ET"
IRBT,72.2,Put,55.00,09/18/20,119,3.40,3.55,3.70,3.52,3141,388,8.1,69.50%,"12:41 ET"
XOM,43.93,Put,44.00,06/19/20,28,2.02,2.04,2.05,2.04,1209,151,8.01,41.71%,"13:16 ET"
NCLH,13.92,Put,14.00,05/22/20,0,0.15,0.18,0.20,0.16,8387,1049,8,0.00%,"13:17 ET"
TLRY,9.97,Call,10.50,06/05/20,14,0.79,0.85,0.90,0.85,1131,142,7.96,133.37%,"13:28 ET"
BIDU,104.55,Put,103.00,05/22/20,0,0.22,0.24,0.25,0.14,3470,443,7.83,0.00%,"13:21 ET"
TLRY,9.97,Put,13.00,12/18/20,210,6.35,7.52,8.70,8.10,1067,137,7.79,210.79%,"13:18 ET"
TEVA,11.88,Put,11.00,06/05/20,14,0.20,0.21,0.21,0.20,1430,186,7.69,60.58%,"13:09 ET"
BMY,61.23,Call,61.00,06/12/20,21,1.65,1.68,1.71,1.65,1522,201,7.57,25.68%,"13:23 ET"
AMZN,2444.23,Call,2445.00,05/22/20,0,7.70,7.95,8.20,8.25,1825,242,7.54,0.00%,"13:24 ET"
SHOP,822.03,Put,810.00,05/22/20,0,0.45,0.68,0.90,0.75,935,125,7.48,0.00%,"13:24 ET"
WDC,42.5,Call,44.00,06/19/20,28,1.77,1.81,1.85,1.82,1061,142,7.47,51.67%,"13:02 ET"
NVDA,360.89,Call,365.00,05/22/20,0,1.16,1.17,1.19,1.12,16709,2252,7.42,0.00%,"13:19 ET"
RCL,42.62,Call,60.00,07/17/20,56,1.07,1.1,1.13,1.10,1583,214,7.4,78.78%,"13:23 ET"
SPCE,15.63,Call,15.50,05/29/20,7,1.00,1.01,1.02,1.00,6468,876,7.38,107.13%,"13:27 ET"
FEYE,11.83,Call,12.00,05/29/20,7,0.40,0.41,0.42,0.41,20027,2719,7.37,75.02%,"13:21 ET"
TECD,128.22,Put,115.00,06/19/20,28,1.30,3.85,6.40,3.50,911,124,7.35,63.95%,"11:25 ET"
DKNG,28.9,Call,45.00,01/21/22,609,7.10,7.35,7.60,7.54,1150,158,7.28,77.25%,"13:01 ET"
NVDA,360.89,Put,360.00,05/22/20,0,1.22,1.27,1.32,1.30,9197,1299,7.08,0.00%,"13:19 ET"
ROKU,108.44,Put,108.00,05/29/20,7,3.55,3.6,3.65,3.59,1239,176,7.04,64.07%,"13:22 ET"
MOMO,19.33,Put,17.50,06/19/20,28,0.75,0.83,0.90,0.82,704,101,6.97,78.42%,"12:23 ET"
EBAY,43.13,Put,40.00,08/21/20,91,1.74,1.77,1.79,1.78,711,102,6.97,38.04%,"13:06 ET"
TLRY,9.97,Put,9.50,05/29/20,7,0.76,0.82,0.88,0.78,732,105,6.97,190.49%,"13:29 ET"
T,29.75,Put,29.00,09/18/20,119,1.99,2.01,2.02,2.02,10971,1579,6.95,36.55%,"13:23 ET"
BABA,200.49,Call,202.50,05/29/20,7,3.30,3.33,3.35,3.30,3586,524,6.84,39.21%,"13:28 ET"
PEP,129.65,Call,136.00,06/05/20,14,0.41,0.44,0.48,0.48,1236,182,6.79,22.88%,"13:06 ET"
PDD,66.71,Call,75.00,07/17/20,56,3.20,3.3,3.40,3.40,902,135,6.68,61.87%,"13:17 ET"
ROKU,108.44,Put,109.00,05/22/20,0,1.16,1.2,1.24,1.19,5328,815,6.54,0.00%,"13:22 ET"
SPLK,182.6,Call,190.00,05/29/20,7,2.40,2.53,2.65,2.55,3159,484,6.53,51.08%,"13:27 ET"
EOLS,4.83,Put,3.00,06/19/20,28,0.25,0.33,0.40,0.30,1023,158,6.47,226.02%,"13:06 ET"
SHOP,822.03,Call,880.00,05/29/20,7,6.80,7.4,8.00,7.39,636,100,6.36,56.02%,"13:20 ET"
TSLA,824.12,Call,830.00,05/22/20,0,2.01,2.08,2.15,1.83,21543,3385,6.36,0.00%,"13:15 ET"
PENN,29.45,Put,28.00,05/29/20,7,0.80,0.83,0.85,0.85,1663,263,6.32,83.29%,"13:19 ET"
HPE,9.2,Put,9.50,05/29/20,7,0.38,0.44,0.49,0.47,668,107,6.24,60.33%,"13:06 ET"
FL,25.55,Put,26.00,05/29/20,7,1.10,1.18,1.25,1.12,665,107,6.21,65.43%,"13:18 ET"
MU,44.76,Put,41.50,05/29/20,7,0.19,0.2,0.21,0.20,1062,171,6.21,50.59%,"13:16 ET"
MPC,35.34,Put,30.00,05/29/20,7,0.11,0.13,0.14,0.11,2001,327,6.12,79.13%,"12:37 ET"
BABA,200.49,Put,192.50,06/19/20,28,5.25,5.33,5.40,5.27,763,126,6.06,39.82%,"13:22 ET"
PDD,66.71,Call,66.00,05/22/20,0,0.95,1.15,1.35,1.40,1260,209,6.03,0.00%,"13:20 ET"
LK,1.42,Put,1.50,05/22/20,0,0.09,0.11,0.13,0.12,3440,573,6,0.00%,"13:12 ET"
SNDL,0.908,Call,2.50,06/19/20,28,0.05,0.1,0.15,0.15,867,145,5.98,392.43%,"13:21 ET"
NIO,3.27,Call,3.00,07/17/20,56,0.69,0.71,0.72,0.68,1155,201,5.75,110.69%,"11:40 ET"
ALGN,242.14,Call,245.00,05/22/20,0,0.20,0.3,0.40,0.25,962,168,5.73,0.00%,"13:20 ET"
TSLA,824.12,Put,825.00,05/22/20,0,3.95,4.05,4.15,4.30,5798,1012,5.73,0.00%,"13:15 ET"
DG,177.89,Put,165.00,05/29/20,7,1.50,1.58,1.65,1.55,736,129,5.71,62.67%,"13:07 ET"
RIOT,2.28,Call,5.00,07/17/20,56,0.15,0.25,0.34,0.30,1288,228,5.65,226.85%,"13:23 ET"
BIDU,104.55,Put,104.00,05/22/20,0,0.46,0.49,0.51,0.50,2135,382,5.59,0.00%,"13:28 ET"
HTZ,2.86,Put,3.50,05/22/20,0,0.60,0.65,0.70,0.63,2529,454,5.57,0.00%,"13:25 ET"
SPCE,15.63,Call,15.50,05/22/20,0,0.23,0.26,0.29,0.24,5517,991,5.57,0.00%,"13:28 ET"
ROKU,108.44,Put,105.00,05/22/20,0,0.10,0.12,0.14,0.11,5336,972,5.49,0.00%,"13:24 ET"
BAC,22.73,Put,22.00,06/05/20,14,0.52,0.54,0.55,0.53,5857,1069,5.48,47.18%,"13:19 ET"
PINS,18.48,Put,18.50,06/19/20,28,1.15,1.2,1.25,1.25,1242,235,5.29,58.48%,"13:16 ET"
XRX,16.97,Call,25.00,10/16/20,147,0.26,0.3,0.34,0.27,1900,359,5.29,46.22%,"13:16 ET"
TSLA,824.12,Call,1160.00,05/29/20,7,0.22,0.28,0.33,0.22,1040,197,5.28,96.65%,"13:14 ET"
LK,1.42,Put,1.50,05/29/20,7,0.30,0.32,0.34,0.35,4279,813,5.26,363.86%,"13:10 ET"
HTZ,2.86,Call,1.00,06/19/20,28,1.75,1.88,2.00,2.00,1101,211,5.22,70.36%,"10:36 ET"
TLRY,9.97,Put,10.00,05/22/20,0,0.20,0.23,0.26,0.18,716,139,5.15,0.00%,"13:31 ET"
C,44.17,Call,47.50,06/05/20,14,0.47,0.49,0.50,0.50,1028,200,5.14,46.89%,"12:29 ET"
ERI,33.92,Call,35.00,05/22/20,0,0.10,0.13,0.15,0.15,1141,223,5.12,0.00%,"13:18 ET"
TSLA,824.12,Call,835.00,05/22/20,0,1.07,1.13,1.19,1.04,10641,2081,5.11,0.00%,"13:15 ET"
GOOGL,1402.86,Call,1405.00,05/22/20,0,2.40,2.85,3.30,2.24,1707,341,5.01,0.00%,"13:24 ET"
HTZ,2.86,Put,1.50,01/15/21,238,0.75,0.88,1.00,0.90,910,182,5,260.80%,"10:52 ET"
GOOGL,1402.86,Put,1395.00,05/22/20,0,0.55,0.65,0.75,0.75,1111,222,5,0.00%,"13:24 ET"
ERI,33.92,Put,30.00,05/29/20,7,0.60,0.65,0.70,0.65,1246,249,5,113.69%,"13:11 ET"
SPLK,182.6,Call,185.00,05/29/20,7,4.10,4.3,4.50,4.20,1532,307,4.99,49.62%,"13:22 ET"
SPLK,182.6,Call,180.00,05/22/20,0,3.30,3.55,3.80,3.74,4367,880,4.96,0.00%,"13:19 ET"
OXY,13.86,Put,14.00,07/17/20,56,1.85,1.87,1.89,1.88,1277,258,4.95,84.08%,"13:08 ET"
ROKU,108.44,Put,100.00,05/29/20,7,1.02,1.05,1.07,1.02,3934,800,4.92,67.28%,"13:24 ET"
TSLA,824.12,Call,820.00,05/22/20,0,6.65,6.8,6.95,6.63,11767,2419,4.86,0.00%,"13:15 ET"
LULU,275.04,Call,260.00,05/29/20,7,16.40,16.83,17.25,16.50,1114,230,4.84,44.68%,"13:13 ET"
PENN,29.45,Put,25.00,05/29/20,7,0.10,0.15,0.20,0.15,1276,264,4.83,84.82%,"13:20 ET"
ROKU,108.44,Put,108.00,05/22/20,0,0.66,0.69,0.71,0.66,3942,820,4.81,0.00%,"13:25 ET"
SBUX,77.26,Put,78.00,05/22/20,0,0.74,0.79,0.84,0.90,3370,702,4.8,0.00%,"13:07 ET"
UA,7.47,Put,7.50,06/19/20,28,0.50,0.55,0.60,0.60,1515,316,4.79,70.80%,"11:09 ET"
AAPL,317.46,Call,317.50,05/22/20,0,0.98,1,1.02,0.97,27714,5800,4.78,0.00%,"13:24 ET"
ROKU,108.44,Put,107.00,05/22/20,0,0.35,0.37,0.39,0.38,4900,1029,4.76,0.00%,"13:25 ET"
BIDU,104.55,Call,104.00,05/22/20,0,0.71,0.75,0.78,0.79,1367,291,4.7,0.00%,"13:28 ET"
ROKU,108.44,Put,115.00,06/12/20,21,10.15,10.73,11.30,10.22,1673,356,4.7,60.83%,"12:07 ET"
FB,232.73,Call,232.50,05/22/20,0,1.63,1.66,1.69,1.65,29277,6228,4.7,0.00%,"13:21 ET"
SHOP,822.03,Call,830.00,05/22/20,0,1.90,2.05,2.20,1.81,3815,814,4.69,0.00%,"13:26 ET"
TWLO,206.42,Call,220.00,05/29/20,7,1.95,2.03,2.10,2.01,626,134,4.67,57.99%,"13:15 ET"
DKS,31.29,Call,42.00,01/15/21,238,1.90,2.18,2.45,2.05,500,108,4.63,50.72%,"13:12 ET"
TSM,49.78,Put,50.00,05/22/20,0,0.25,0.3,0.35,0.30,2020,436,4.63,0.00%,"12:45 ET"
DG,177.89,Put,165.00,06/05/20,14,2.35,2.45,2.55,2.42,703,153,4.59,53.39%,"13:01 ET"
CGC,19.08,Put,15.50,05/29/20,7,0.16,0.17,0.17,0.18,1356,296,4.58,131.90%,"12:44 ET"
GPK,13.17,Put,12.50,09/18/20,119,0.80,0.9,1.00,0.80,548,120,4.57,38.44%,"10:26 ET"
Z,56.41,Call,57.00,05/22/20,0,0.15,0.18,0.20,0.20,1041,229,4.55,0.00%,"13:08 ET"
TSLA,824.12,Put,805.00,05/29/20,7,15.35,15.5,15.65,15.57,1527,340,4.49,53.04%,"13:14 ET"
HOG,24.64,Call,24.50,05/22/20,0,0.51,0.69,0.86,0.62,698,156,4.47,0.00%,"13:20 ET"
ORCL,52.42,Call,57.50,12/18/20,210,2.60,2.69,2.78,2.70,751,169,4.44,28.09%,"13:01 ET"
TWTR,32.42,Put,26.00,07/17/20,56,0.44,0.45,0.46,0.44,797,180,4.43,52.62%,"13:14 ET"
DE,142.99,Call,150.00,05/29/20,7,0.46,0.54,0.62,0.50,907,205,4.42,31.18%,"13:16 ET"
TSLA,824.12,Put,830.00,05/22/20,0,7.20,7.35,7.50,7.50,3143,712,4.41,0.00%,"13:15 ET"
BIDU,104.55,Put,103.00,05/29/20,7,2.11,2.16,2.20,2.06,606,139,4.36,49.60%,"13:13 ET"
CHWY,42.14,Call,42.50,05/22/20,0,0.20,0.25,0.30,0.25,2082,477,4.36,0.00%,"13:08 ET"
BBBY,6.66,Call,7.50,05/29/20,7,0.10,0.11,0.12,0.11,1171,270,4.34,102.95%,"13:26 ET"
AMZN,2444.23,Put,2440.00,05/22/20,0,3.35,3.5,3.65,3.73,4757,1105,4.3,0.00%,"13:26 ET"
TSLA,824.12,Call,840.00,05/22/20,0,0.59,0.63,0.67,0.58,10628,2474,4.3,0.00%,"13:14 ET"
AMZN,2444.23,Call,2450.00,05/22/20,0,5.65,5.9,6.15,5.48,5984,1394,4.29,0.00%,"13:26 ET"
AMZN,2444.23,Call,2455.00,05/22/20,0,3.70,3.9,4.10,3.95,1559,365,4.27,0.00%,"13:26 ET"
HPQ,16.95,Call,19.00,07/17/20,56,0.60,0.62,0.63,0.62,1651,388,4.26,50.08%,"12:51 ET"
BABA,200.49,Call,210.00,09/18/20,119,12.50,12.53,12.55,12.57,27989,6604,4.24,35.79%,"13:27 ET"
NVDA,360.89,Call,385.00,06/05/20,14,5.50,5.6,5.70,5.60,2156,511,4.22,49.44%,"13:19 ET"
M,5.16,Put,4.00,07/17/20,56,0.29,0.31,0.32,0.29,500,119,4.2,103.41%,"12:45 ET"
UAL,25.06,Call,28.00,07/17/20,56,2.71,2.74,2.77,2.76,3513,837,4.2,99.51%,"13:16 ET"
VTIQ,25.25,Call,30.00,05/29/20,7,0.70,0.77,0.85,0.85,723,173,4.18,166.94%,"12:58 ET"
PANW,236.36,Call,240.00,05/29/20,7,2.81,3.03,3.25,3.20,1056,256,4.13,37.02%,"13:19 ET"
NVDA,360.89,Put,355.00,05/22/20,0,0.33,0.4,0.47,0.38,7868,1906,4.13,0.00%,"13:19 ET"
ROKU,108.44,Put,109.00,05/29/20,7,4.05,4.1,4.15,4.07,1434,348,4.12,63.44%,"13:21 ET"
HPE,9.2,Call,9.50,05/29/20,7,0.14,0.16,0.17,0.18,1048,255,4.11,57.74%,"13:20 ET"
AMZN,2444.23,Put,2435.00,05/22/20,0,2.12,2.28,2.43,2.23,1691,412,4.1,0.00%,"13:26 ET"
TLRY,9.97,Call,10.50,06/19/20,28,0.96,1.03,1.09,1.05,568,139,4.09,112.16%,"13:28 ET"
BABA,200.49,Call,205.00,05/22/20,0,0.10,0.11,0.12,0.11,23783,5874,4.05,0.00%,"13:28 ET"
AMRN,7.2,Call,6.50,05/22/20,0,0.54,0.66,0.78,0.75,1172,291,4.03,0.00%,"10:56 ET"
DG,177.89,Call,190.00,05/29/20,7,1.40,1.5,1.60,1.49,764,190,4.02,54.30%,"13:10 ET"
AMZN,2444.23,Call,2900.00,05/29/20,7,0.88,0.92,0.96,0.88,967,243,3.98,54.55%,"13:23 ET"
BA,136.33,Call,137.00,05/22/20,0,0.40,0.45,0.49,0.45,5751,1445,3.98,0.00%,"13:27 ET"
PTON,46.05,Call,49.00,05/29/20,7,0.68,0.69,0.70,0.64,1553,391,3.97,65.00%,"13:11 ET"
C,44.17,Put,44.50,05/22/20,0,0.50,0.52,0.53,0.50,2938,741,3.96,0.00%,"13:27 ET"
PDD,66.71,Call,75.00,01/15/21,238,9.10,9.65,10.20,9.36,522,132,3.95,57.65%,"12:55 ET"
XOM,43.93,Call,46.00,06/12/20,21,0.88,0.9,0.92,0.91,1184,300,3.95,40.59%,"13:12 ET"
CLSN,3.15,Call,5.00,06/19/20,28,0.30,0.32,0.35,0.35,1062,270,3.93,236.23%,"13:09 ET"
AMZN,2444.23,Put,2445.00,05/22/20,0,5.35,5.53,5.70,5.70,2522,641,3.93,0.00%,"13:26 ET"
FDX,117.13,Call,135.00,06/05/20,14,0.27,0.29,0.31,0.28,7853,2000,3.93,46.06%,"13:11 ET"
FISV,103.89,Put,90.00,07/17/20,56,2.05,2.2,2.35,2.15,500,128,3.91,46.83%,"11:00 ET"
UPWK,12.14,Call,12.50,01/15/21,238,3.20,3.4,3.60,3.30,1000,256,3.91,88.46%,"10:37 ET"
TWTR,32.42,Put,32.50,06/19/20,28,1.75,1.76,1.77,1.77,697,179,3.89,47.02%,"12:51 ET"
PDD,66.71,Call,75.00,06/19/20,28,2.35,3.03,3.70,2.60,1144,295,3.88,75.90%,"13:18 ET"
EIX,56.35,Call,60.00,06/19/20,28,0.55,0.63,0.70,0.71,2501,644,3.88,30.63%,"11:23 ET"
TLRY,9.97,Call,11.50,05/29/20,7,0.40,0.44,0.47,0.45,1014,263,3.86,172.21%,"13:29 ET"
VTIQ,25.25,Call,25.00,05/29/20,7,1.90,1.95,2.00,2.00,647,168,3.85,133.22%,"13:18 ET"
AMZN,2444.23,Call,2460.00,05/22/20,0,2.54,2.72,2.90,2.72,3604,941,3.83,0.00%,"13:26 ET"
HOG,24.64,Call,25.00,05/22/20,0,0.28,0.39,0.50,0.32,827,217,3.81,0.00%,"13:25 ET"
UA,7.47,Put,7.00,06/19/20,28,0.30,0.35,0.40,0.35,1540,405,3.8,69.34%,"11:17 ET"
SHOP,822.03,Call,900.00,05/29/20,7,4.50,4.75,5.00,4.80,1883,496,3.8,57.90%,"13:26 ET"
LEVI,12.82,Call,13.00,06/19/20,28,0.60,0.65,0.70,0.67,5191,1367,3.8,53.01%,"13:14 ET"
TSLA,824.12,Put,820.00,05/22/20,0,1.97,2.05,2.13,2.09,9500,2499,3.8,0.00%,"13:15 ET"
EA,119.26,Call,120.00,05/29/20,7,1.67,1.73,1.80,1.80,802,213,3.77,32.38%,"13:18 ET"
NVDA,360.89,Put,350.00,05/22/20,0,0.13,0.14,0.15,0.16,11668,3094,3.77,0.00%,"13:19 ET"
JCI,29.37,Call,32.00,07/17/20,56,0.56,0.61,0.66,0.64,5369,1433,3.75,33.29%,"13:13 ET"
UPS,96.22,Call,110.00,06/18/21,392,5.00,5.83,6.65,5.25,500,134,3.73,24.15%,"13:10 ET"
NVDA,360.89,Call,360.00,05/22/20,0,3.50,3.65,3.80,3.55,17742,4759,3.73,0.00%,"13:19 ET"
RH,196.83,Call,200.00,05/22/20,0,0.45,0.53,0.60,0.60,699,188,3.72,0.00%,"13:25 ET"
NVAX,46.02,Call,50.00,05/29/20,7,1.65,1.78,1.90,1.79,686,185,3.71,126.39%,"13:14 ET"
LVS,47.01,Put,49.00,05/22/20,0,1.92,2.02,2.12,2.00,2165,583,3.71,0.00%,"13:12 ET"
ROKU,108.44,Put,113.00,05/29/20,7,6.55,6.6,6.65,6.44,1205,328,3.67,61.55%,"13:17 ET"
TWLO,206.42,Call,210.00,05/29/20,7,4.45,4.58,4.70,4.50,2168,592,3.66,54.45%,"13:14 ET"
TWTR,32.42,Call,34.00,06/05/20,14,0.65,0.66,0.67,0.67,2138,585,3.65,52.20%,"13:15 ET"
FB,232.73,Put,230.00,05/22/20,0,0.12,0.13,0.13,0.14,22754,6232,3.65,0.00%,"13:21 ET"
BYND,136.67,Put,120.00,10/16/20,147,17.65,17.83,18.00,17.75,703,194,3.62,79.59%,"10:37 ET"
TSLA,824.12,Call,850.00,05/22/20,0,0.23,0.24,0.24,0.24,21160,5870,3.6,0.00%,"13:15 ET"
BP,22.95,Call,24.00,06/05/20,14,0.29,0.31,0.32,0.33,672,187,3.59,40.49%,"12:52 ET"
NKE,94.14,Put,82.50,07/17/20,56,1.59,1.62,1.65,1.62,2477,698,3.55,41.27%,"13:18 ET"
MRNA,68.81,Call,70.00,05/22/20,0,0.30,0.32,0.35,0.33,9777,2766,3.53,0.00%,"13:16 ET"
ROKU,108.44,Put,106.00,05/22/20,0,0.18,0.2,0.21,0.22,1923,549,3.5,0.00%,"13:22 ET"
HPQ,16.95,Call,20.00,08/21/20,91,0.74,0.78,0.82,0.77,1970,563,3.5,51.98%,"13:06 ET"
MRNA,68.81,Call,70.00,05/29/20,7,3.50,3.6,3.70,3.60,2947,844,3.49,110.50%,"13:17 ET"
LUV,28.72,Call,45.00,09/18/20,119,0.45,0.48,0.50,0.48,7407,2122,3.49,58.01%,"13:01 ET"
LK,1.42,Put,1.00,06/05/20,14,0.17,0.19,0.20,0.20,730,210,3.48,399.04%,"13:11 ET"
JD,50.02,Put,42.00,07/17/20,56,1.17,1.21,1.24,1.21,1295,375,3.45,56.75%,"13:14 ET"
TSLA,824.12,Call,825.00,05/29/20,7,24.00,24.23,24.45,23.90,2038,591,3.45,53.64%,"13:14 ET"
BIDU,104.55,Put,105.00,05/22/20,0,0.99,1.05,1.10,1.05,6160,1783,3.45,0.00%,"13:28 ET"
TWLO,206.42,Call,210.00,05/22/20,0,0.38,0.42,0.46,0.42,3595,1046,3.44,0.00%,"13:14 ET"
BJ,36.9,Call,40.00,08/21/20,91,2.00,2.18,2.35,2.15,639,187,3.42,45.31%,"13:12 ET"
LUV,28.72,Put,30.00,12/18/20,210,6.50,6.55,6.60,6.50,657,192,3.42,67.79%,"11:24 ET"
Z,56.41,Put,50.00,08/21/20,91,5.00,5.1,5.20,5.30,1327,388,3.42,77.74%,"12:38 ET"
SHOP,822.03,Put,800.00,05/22/20,0,0.30,0.45,0.60,0.40,1956,572,3.42,0.00%,"13:26 ET"
TSLA,824.12,Call,835.00,05/29/20,7,19.60,19.8,20.00,19.78,895,263,3.4,54.39%,"13:13 ET"
TSLA,824.12,Call,855.00,05/29/20,7,12.90,13.08,13.25,12.80,804,241,3.34,54.70%,"13:10 ET"
DAL,22.49,Put,21.50,05/29/20,7,0.38,0.39,0.40,0.40,747,226,3.31,63.78%,"13:12 ET"
PTON,46.05,Call,55.00,06/05/20,14,0.27,0.31,0.35,0.34,831,251,3.31,70.81%,"13:06 ET"
PINS,18.48,Call,18.50,06/05/20,14,0.90,0.95,1.00,0.96,1290,390,3.31,71.17%,"13:21 ET"
BABA,200.49,Call,210.00,05/29/20,7,1.20,1.22,1.24,1.22,10173,3073,3.31,40.04%,"13:28 ET"
TCOM,23.8,Put,22.00,07/17/20,56,1.00,1.05,1.10,1.05,537,164,3.27,51.31%,"13:25 ET"
UBER,34.55,Put,35.00,05/29/20,7,1.28,1.31,1.33,1.30,1715,524,3.27,54.00%,"13:00 ET"
CHWY,42.14,Call,44.00,05/29/20,7,0.65,0.73,0.80,0.72,625,192,3.26,58.69%,"12:40 ET"
BAC,22.73,Put,19.50,06/19/20,28,0.28,0.29,0.29,0.29,679,209,3.25,56.42%,"12:53 ET"
TLRY,9.97,Put,9.00,05/29/20,7,0.53,0.57,0.61,0.59,965,297,3.25,195.71%,"13:28 ET"
PBR,7.01,Call,8.00,06/26/20,35,0.19,0.21,0.22,0.22,2233,689,3.24,62.79%,"12:06 ET"
WYNN,78,Put,83.00,05/22/20,0,4.70,4.9,5.10,5.00,1076,333,3.23,0.00%,"12:32 ET"
AMD,54.99,Call,56.00,06/12/20,21,2.13,2.15,2.16,2.18,1077,336,3.21,48.05%,"13:26 ET"
NVDA,360.89,Call,400.00,05/29/20,7,1.20,1.24,1.28,1.25,10158,3161,3.21,55.24%,"13:19 ET"
NVDA,360.89,Call,370.00,05/22/20,0,0.25,0.27,0.29,0.30,15286,4768,3.21,0.00%,"13:19 ET"
QIWI,13.63,Put,12.50,06/19/20,28,0.30,0.32,0.35,0.30,1084,339,3.2,49.94%,"12:35 ET"
PDD,66.71,Put,60.00,05/29/20,7,0.55,0.63,0.70,0.67,1108,347,3.19,79.58%,"13:12 ET"
LULU,275.04,Call,275.00,05/22/20,0,1.05,1.21,1.36,1.14,1743,547,3.19,0.00%,"13:14 ET"
FSLY,42.06,Call,42.00,05/22/20,0,0.40,0.48,0.55,0.75,799,252,3.17,0.00%,"12:36 ET"
NVDA,360.89,Call,357.50,05/29/20,7,11.65,11.8,11.95,12.30,800,252,3.17,51.56%,"13:18 ET"
OXY,13.86,Call,14.50,06/19/20,28,0.95,0.98,1.00,1.01,2536,799,3.17,83.42%,"12:12 ET"
BABA,200.49,Put,200.00,06/05/20,14,6.10,6.18,6.25,6.21,771,245,3.15,40.50%,"13:28 ET"
LUV,28.72,Put,27.50,12/18/20,210,5.20,5.25,5.30,5.20,1733,550,3.15,70.03%,"11:38 ET"
TSLA,824.12,Call,845.00,05/22/20,0,0.35,0.37,0.39,0.35,4260,1352,3.15,0.00%,"13:15 ET"
KMI,15.23,Call,15.50,06/19/20,28,0.49,0.51,0.52,0.54,1223,389,3.14,39.13%,"12:58 ET"
DOCU,132.39,Call,140.00,07/17/20,56,9.10,9.25,9.40,9.60,646,208,3.11,60.55%,"12:50 ET"
TIF,125.4,Put,120.00,01/15/21,238,6.65,7.83,9.00,7.50,6853,2204,3.11,26.54%,"13:28 ET"
IQ,15.35,Put,16.50,05/22/20,0,1.08,1.18,1.28,1.07,4090,1321,3.1,0.00%,"12:46 ET"
SKX,29.08,Call,30.00,06/19/20,28,1.15,1.23,1.30,1.20,704,228,3.09,48.69%,"11:07 ET"
GILD,72.95,Call,73.00,06/19/20,28,3.05,3.1,3.15,3.10,1262,409,3.09,37.79%,"12:36 ET"
C,44.17,Call,43.00,05/29/20,7,1.75,1.77,1.79,1.77,857,279,3.07,47.20%,"13:29 ET"
AG,9.46,Call,9.50,05/29/20,7,0.25,0.3,0.35,0.31,1209,394,3.07,61.77%,"13:22 ET"
ATRA,15.76,Call,20.00,06/19/20,28,0.85,1.03,1.20,1.10,833,272,3.06,143.37%,"13:11 ET"
ZM,172.93,Put,172.50,05/22/20,0,0.75,0.8,0.85,0.80,1679,548,3.06,0.00%,"13:21 ET"
LK,1.42,Call,2.50,06/05/20,14,0.17,0.19,0.20,0.21,1299,427,3.04,429.26%,"12:05 ET"
JD,50.02,Put,50.00,09/18/20,119,5.80,5.9,6.00,5.90,536,177,3.03,53.58%,"12:26 ET"
UBER,34.55,Call,28.50,06/26/20,35,6.55,6.63,6.70,6.46,701,231,3.03,58.65%,"11:00 ET"
AMZN,2444.23,Call,2465.00,05/22/20,0,1.67,1.82,1.96,1.80,1757,580,3.03,0.00%,"13:26 ET"
PAGS,26.1,Put,20.00,06/19/20,28,0.40,0.48,0.55,0.50,2000,661,3.03,96.13%,"12:02 ET"
GNSS,5.05,Call,7.50,10/16/20,147,1.15,1.17,1.20,1.20,3055,1008,3.03,145.53%,"13:08 ET"
PYPL,150.15,Call,200.00,01/15/21,238,3.05,3.08,3.10,3.05,670,222,3.02,31.32%,"13:23 ET"
BA,136.33,Put,137.00,05/22/20,0,1.06,1.12,1.18,1.09,2486,825,3.01,0.00%,"13:27 ET"
SPCE,15.63,Call,15.00,05/22/20,0,0.64,0.7,0.76,0.70,5840,1941,3.01,0.00%,"13:23 ET"
GOOGL,1402.86,Call,1440.00,05/29/20,7,5.40,5.65,5.90,6.10,757,252,3,23.58%,"13:18 ET"
FG,10.56,Call,5.00,08/21/20,91,5.50,5.55,5.60,5.60,1245,415,3,75.09%,"10:38 ET"
MRNA,68.81,Call,69.00,05/29/20,7,3.90,4,4.10,4.10,589,197,2.99,112.12%,"13:10 ET"
CHWY,42.14,Call,43.00,05/29/20,7,1.00,1.08,1.15,1.15,1162,388,2.99,61.97%,"13:03 ET"
HPE,9.2,Put,9.00,05/29/20,7,0.14,0.16,0.17,0.17,870,292,2.98,52.99%,"13:20 ET"
NLY,6.24,Put,6.00,01/15/21,238,0.86,0.89,0.91,0.87,882,296,2.98,51.87%,"13:07 ET"
PINS,18.48,Put,17.50,06/05/20,14,0.45,0.48,0.50,0.56,603,203,2.97,66.52%,"12:03 ET"
GRUB,56.76,Call,60.00,05/29/20,7,1.35,1.45,1.55,1.47,2889,974,2.97,85.54%,"13:17 ET"
SHOP,822.03,Put,790.00,05/22/20,0,0.20,0.33,0.45,0.26,542,183,2.96,0.00%,"13:21 ET"
NVDA,360.89,Put,335.00,05/29/20,7,1.82,1.91,2.00,1.79,1578,533,2.96,51.15%,"13:19 ET"
FB,232.73,Call,232.50,05/29/20,7,5.05,5.07,5.10,5.10,8217,2779,2.96,38.26%,"13:21 ET"
SHOP,822.03,Put,795.00,05/22/20,0,0.25,0.38,0.50,0.40,517,175,2.95,0.00%,"13:23 ET"
AMZN,2444.23,Call,2440.00,05/22/20,0,10.60,10.93,11.25,10.64,1608,546,2.95,0.00%,"13:26 ET"
TSLA,824.12,Put,740.00,05/29/20,7,2.53,2.6,2.67,2.50,1198,408,2.94,57.25%,"13:13 ET"
IBM,118.08,Put,160.00,01/15/21,238,45.00,45.35,45.70,45.15,548,187,2.93,41.41%,"13:26 ET"
SHOP,822.03,Call,820.00,05/22/20,0,6.30,6.65,7.00,6.32,4693,1601,2.93,0.00%,"13:26 ET"
MRNA,68.81,Call,73.00,05/29/20,7,2.40,2.5,2.60,2.50,732,251,2.92,110.58%,"13:03 ET"
TLRY,9.97,Call,12.00,05/29/20,7,0.33,0.37,0.41,0.36,1345,461,2.92,176.31%,"13:25 ET"
JD,50.02,Call,53.00,05/29/20,7,0.44,0.46,0.48,0.48,1928,661,2.92,52.56%,"13:13 ET"
TLRY,9.97,Call,10.00,05/22/20,0,0.25,0.28,0.30,0.32,26759,9209,2.91,0.00%,"13:30 ET"
NFLX,432.41,Call,445.00,06/05/20,14,7.60,7.78,7.95,7.80,962,332,2.9,38.32%,"13:17 ET"
FB,232.73,Call,230.00,05/22/20,0,3.70,3.75,3.80,3.80,27713,9597,2.89,0.00%,"13:20 ET"
TWLO,206.42,Call,205.00,05/29/20,7,6.45,6.68,6.90,6.75,3017,1053,2.87,54.46%,"13:11 ET"
MDT,93.61,Put,93.00,06/19/20,28,2.96,3.03,3.10,3.20,501,176,2.85,33.87%,"12:57 ET"
FG,10.56,Call,10.00,06/19/20,28,0.55,0.6,0.65,0.55,1075,377,2.85,8.29%,"12:12 ET"
SPLK,182.6,Call,200.00,05/29/20,7,0.85,0.9,0.95,0.90,1495,525,2.85,54.95%,"13:26 ET"
TLRY,9.97,Put,12.00,07/17/20,56,4.55,4.7,4.85,4.75,1290,455,2.84,222.43%,"13:26 ET"
VUZI,2.83,Call,5.00,07/17/20,56,0.35,0.4,0.45,0.40,2310,816,2.83,204.08%,"13:09 ET"
KEY,10.69,Call,10.50,05/29/20,7,0.36,0.39,0.41,0.37,530,189,2.8,48.11%,"12:59 ET"
AMZN,2444.23,Call,2470.00,05/22/20,0,1.13,1.25,1.36,1.35,3675,1316,2.79,0.00%,"13:26 ET"
NVDA,360.89,Call,340.00,05/29/20,7,22.90,23.75,24.60,22.80,1170,421,2.78,40.77%,"12:50 ET"
PINS,18.48,Put,18.50,06/05/20,14,0.85,0.9,0.95,0.92,1367,492,2.78,59.31%,"13:21 ET"
NVDA,360.89,Call,365.00,05/29/20,7,8.35,8.5,8.65,8.50,2115,762,2.78,50.86%,"13:19 ET"
RNWK,1.14,Call,2.50,07/17/20,56,0.30,0.35,0.40,0.35,1126,407,2.77,343.61%,"12:42 ET"
ARCT,58.11,Call,70.00,06/19/20,28,2.90,3.45,4.00,3.42,511,185,2.76,109.30%,"13:13 ET"
NEM,62.97,Call,66.00,06/19/20,28,1.67,1.71,1.75,1.79,558,202,2.76,42.43%,"12:06 ET"
TSLA,824.12,Call,830.00,05/29/20,7,21.70,21.9,22.10,21.50,2120,768,2.76,53.44%,"13:13 ET"
TEAM,183.07,Call,185.00,05/22/20,0,0.10,0.15,0.20,0.21,741,269,2.75,0.00%,"13:00 ET"
TLRY,9.97,Call,15.00,06/05/20,14,0.27,0.3,0.32,0.29,826,300,2.75,183.80%,"13:21 ET"
TSLA,824.12,Put,815.00,05/22/20,0,0.95,1.01,1.07,1.00,7433,2701,2.75,0.00%,"13:15 ET"
BABA,200.49,Put,197.50,05/22/20,0,0.30,0.31,0.32,0.30,7928,2884,2.75,0.00%,"13:27 ET"
AMZN,2444.23,Call,2475.00,05/22/20,0,0.79,0.85,0.90,1.05,2538,927,2.74,0.00%,"13:24 ET"
TRV,98.8,Call,110.00,06/19/20,28,0.35,0.45,0.55,0.40,966,354,2.73,29.62%,"12:19 ET"
PTON,46.05,Call,50.00,06/05/20,14,1.06,1.11,1.15,1.10,5311,1950,2.72,68.97%,"13:17 ET"
BA,136.33,Put,135.00,05/22/20,0,0.18,0.19,0.20,0.20,5464,2010,2.72,0.00%,"13:27 ET"
TLRY,9.97,Call,11.00,05/29/20,7,0.51,0.53,0.54,0.55,7004,2571,2.72,165.20%,"13:30 ET"
BBBY,6.66,Call,7.50,06/19/20,28,0.45,0.47,0.49,0.46,933,346,2.7,105.04%,"13:27 ET"
CWH,19.85,Put,11.00,12/18/20,210,1.70,1.8,1.90,1.75,543,202,2.69,114.39%,"12:19 ET"
TLRY,9.97,Put,8.00,06/19/20,28,0.98,1.02,1.06,1.01,504,188,2.68,189.12%,"13:30 ET"
APHA,3.97,Put,4.00,10/16/20,147,1.10,1.18,1.25,1.16,1170,440,2.66,118.73%,"11:46 ET"
AMD,54.99,Call,53.00,06/05/20,14,3.35,3.38,3.40,3.29,1931,727,2.66,47.40%,"13:15 ET"
LULU,275.04,Call,275.00,05/29/20,7,5.85,6.05,6.25,5.85,922,348,2.65,39.08%,"13:11 ET"
TLRY,9.97,Call,10.50,05/29/20,7,0.62,0.66,0.70,0.68,3825,1443,2.65,158.05%,"13:31 ET"
DAL,22.49,Put,17.00,06/12/20,21,0.17,0.21,0.24,0.20,520,197,2.64,90.28%,"12:01 ET"
NVDA,360.89,Put,365.00,05/22/20,0,3.70,3.78,3.85,3.90,2044,776,2.63,0.00%,"13:19 ET"
TIF,125.4,Put,100.00,01/15/21,238,2.91,4.71,6.50,4.50,4360,1655,2.63,38.66%,"13:28 ET"
LUV,28.72,Put,27.50,05/29/20,7,0.45,0.5,0.55,0.46,639,244,2.62,59.51%,"13:15 ET"
VUZI,2.83,Call,5.00,06/19/20,28,0.25,0.28,0.30,0.25,3597,1375,2.62,236.05%,"13:17 ET"
TSLA,824.12,Call,1000.00,05/29/20,7,1.13,1.15,1.18,1.15,10564,4055,2.61,75.10%,"13:15 ET"
BABA,200.49,Put,200.00,05/22/20,0,1.06,1.09,1.11,1.07,17662,6776,2.61,0.00%,"13:28 ET"
AAPL,317.46,Put,315.00,05/22/20,0,0.22,0.23,0.24,0.24,31043,11952,2.6,0.00%,"13:24 ET"
TSLA,824.12,Put,810.00,05/29/20,7,17.30,17.48,17.65,17.59,1371,530,2.59,53.02%,"13:13 ET"
ROKU,108.44,Put,110.00,05/29/20,7,4.60,4.68,4.75,4.70,3000,1167,2.57,64.63%,"13:24 ET"
UAL,25.06,Put,18.00,07/17/20,56,1.26,1.3,1.33,1.30,5306,2066,2.57,115.94%,"12:50 ET"
CGC,19.08,Put,15.00,05/29/20,7,0.10,0.13,0.15,0.13,1369,534,2.56,134.27%,"13:28 ET"
AZN,55.4,Call,56.00,06/26/20,35,2.05,2.25,2.45,2.15,1711,668,2.56,34.75%,"13:06 ET"
AMZN,2444.23,Call,2480.00,05/22/20,0,0.60,0.65,0.70,0.67,3945,1540,2.56,0.00%,"13:25 ET"
NVDA,360.89,Put,370.00,05/22/20,0,8.75,9.23,9.70,9.25,513,201,2.55,0.00%,"13:05 ET"
LULU,275.04,Call,310.00,06/19/20,28,4.25,4.4,4.55,4.37,639,251,2.55,50.19%,"13:09 ET"
CGC,19.08,Call,18.50,05/22/20,0,0.74,0.78,0.81,0.81,4432,1735,2.55,0.00%,"13:29 ET"
SPLK,182.6,Call,185.00,05/22/20,0,0.65,0.73,0.80,0.70,6092,2388,2.55,0.00%,"13:28 ET"
UA,7.47,Call,7.50,01/15/21,238,1.60,1.65,1.70,1.60,2467,971,2.54,66.92%,"12:55 ET"
JD,50.02,Put,48.00,11/20/20,182,6.10,6.18,6.25,6.05,591,234,2.53,52.66%,"10:27 ET"
NFLX,432.41,Call,430.00,05/29/20,7,10.10,10.2,10.30,10.27,989,391,2.53,38.00%,"13:17 ET"
APHA,3.97,Put,6.00,07/17/20,56,2.25,2.53,2.80,2.30,723,287,2.52,132.73%,"11:55 ET"
ROKU,108.44,Put,110.00,05/22/20,0,1.77,1.87,1.96,1.92,10183,4060,2.51,0.00%,"13:22 ET"
NEM,62.97,Call,75.00,12/18/20,210,4.00,4.08,4.15,4.05,1781,711,2.5,41.43%,"13:18 ET"
AUPH,16.23,Call,18.00,07/17/20,56,0.95,1.23,1.50,1.30,706,285,2.48,78.14%,"12:39 ET"
NFLX,432.41,Call,435.00,05/22/20,0,0.67,0.7,0.73,0.80,7131,2876,2.48,0.00%,"13:18 ET"
BA,136.33,Call,137.00,05/29/20,7,4.15,4.25,4.35,4.24,767,311,2.47,60.08%,"13:24 ET"
TPR,13.94,Call,15.00,08/21/20,91,1.50,1.55,1.60,1.53,1020,413,2.47,69.66%,"13:14 ET"
TSLA,824.12,Put,800.00,05/22/20,0,0.20,0.23,0.25,0.21,8446,3431,2.46,0.00%,"13:14 ET"
IQ,15.35,Put,16.00,05/22/20,0,0.62,0.66,0.69,0.64,3678,1503,2.45,0.00%,"13:19 ET"
CGC,19.08,Call,25.00,05/29/20,7,0.18,0.2,0.21,0.20,1203,494,2.44,144.83%,"13:31 ET"
JPM,89.67,Call,89.50,05/22/20,0,0.24,0.26,0.27,0.26,2080,854,2.44,0.00%,"13:28 ET"
BA,136.33,Put,136.00,05/22/20,0,0.48,0.52,0.55,0.56,2407,987,2.44,0.00%,"13:27 ET"
BABA,200.49,Call,207.50,05/29/20,7,1.69,1.72,1.75,1.73,2511,1030,2.44,39.68%,"13:27 ET"
TCO,37.92,Put,40.00,09/18/20,119,6.20,8.1,10.00,8.50,1798,740,2.43,85.46%,"13:25 ET"
GSX,29.05,Call,25.00,07/17/20,56,8.10,8.4,8.70,8.00,590,244,2.42,124.07%,"13:12 ET"
SHOP,822.03,Call,840.00,05/22/20,0,0.40,0.6,0.80,0.58,1893,781,2.42,0.00%,"13:25 ET"
NVDA,360.89,Put,322.50,05/29/20,7,0.76,0.81,0.86,0.77,635,263,2.41,55.00%,"13:10 ET"
ROST,93.07,Put,80.00,06/19/20,28,1.00,1.05,1.10,1.05,1142,476,2.4,54.10%,"13:19 ET"
BIDU,104.55,Put,105.00,05/29/20,7,2.97,3.04,3.10,3.00,1392,582,2.39,49.51%,"13:26 ET"
BABA,200.49,Call,200.00,05/22/20,0,1.08,1.11,1.14,1.11,8700,3637,2.39,0.00%,"13:28 ET"
EPD,18.53,Call,19.00,06/05/20,14,0.30,0.35,0.40,0.31,521,219,2.38,35.41%,"11:23 ET"
EMR,55.6,Put,55.00,01/15/21,238,7.00,7.25,7.50,7.30,600,252,2.38,44.34%,"11:09 ET"
TSLA,824.12,Call,815.00,05/22/20,0,10.30,10.68,11.05,10.39,2906,1223,2.38,0.00%,"13:14 ET"
NVDA,360.89,Put,330.00,09/18/20,119,26.10,26.4,26.70,27.71,534,226,2.36,53.83%,"12:32 ET"
MRNA,68.81,Call,67.00,05/29/20,7,4.90,5.1,5.30,5.10,735,311,2.36,112.42%,"13:09 ET"
TSLA,824.12,Call,860.00,05/29/20,7,11.65,11.78,11.90,11.50,1103,470,2.35,55.03%,"13:14 ET"
PDD,66.71,Call,67.00,05/29/20,7,1.95,2.2,2.45,2.70,7486,3184,2.35,80.98%,"13:21 ET"
OKE,35.38,Call,36.00,05/22/20,0,0.00,0.05,0.10,0.10,611,261,2.34,0.00%,"12:14 ET"
PANW,236.36,Call,245.00,05/22/20,0,0.05,0.12,0.19,0.10,779,335,2.33,0.00%,"13:16 ET"
AMZN,2444.23,Put,2450.00,05/22/20,0,8.05,8.3,8.55,8.25,4515,1939,2.33,0.00%,"13:25 ET"
TNDM,87.32,Call,105.00,07/17/20,56,1.30,1.35,1.40,1.35,566,244,2.32,45.24%,"13:13 ET"
TRV,98.8,Put,90.00,06/19/20,28,1.70,1.78,1.85,1.80,767,331,2.32,48.70%,"12:19 ET"
WYNN,78,Call,80.00,05/22/20,0,0.11,0.14,0.16,0.13,1253,539,2.32,0.00%,"13:17 ET"
FSLY,42.06,Call,45.00,05/29/20,7,0.70,0.85,1.00,0.81,554,240,2.31,81.69%,"13:21 ET"
AMZN,2444.23,Call,2450.00,05/29/20,7,34.00,34.25,34.50,34.15,1193,519,2.3,25.67%,"13:25 ET"
DUK,82.36,Put,75.00,06/19/20,28,0.55,0.58,0.60,0.60,2897,1259,2.3,34.10%,"11:29 ET"
NFLX,432.41,Call,370.00,05/29/20,7,61.50,62.85,64.20,60.00,500,218,2.29,0.00%,"11:47 ET"
VIPS,14.76,Call,16.00,05/29/20,7,0.40,0.45,0.50,0.45,551,241,2.29,110.12%,"13:07 ET"
TTD,311.8,Call,320.00,05/22/20,0,0.10,0.15,0.20,0.15,940,411,2.29,0.00%,"13:13 ET"
MRNA,68.81,Call,69.00,05/22/20,0,0.60,0.65,0.70,0.60,3331,1454,2.29,0.00%,"13:14 ET"
AMRN,7.2,Call,7.00,05/29/20,7,0.37,0.44,0.51,0.42,723,317,2.28,73.67%,"13:16 ET"
FB,232.73,Call,230.00,05/29/20,7,6.55,6.57,6.60,6.61,10057,4418,2.28,39.52%,"13:21 ET"
BJ,36.9,Call,40.00,07/17/20,56,1.30,1.38,1.45,1.40,2516,1109,2.27,44.42%,"13:22 ET"
AMZN,2444.23,Put,2440.00,05/29/20,7,31.65,31.93,32.20,31.35,626,277,2.26,26.36%,"13:23 ET"
SFIX,23.41,Call,22.00,05/22/20,0,1.55,1.58,1.60,1.60,5271,2328,2.26,0.00%,"13:26 ET"
TLRY,9.97,Call,10.00,05/29/20,7,0.76,0.8,0.85,0.85,12331,5481,2.25,150.95%,"13:30 ET"
CHWY,42.14,Call,43.00,05/22/20,0,0.10,0.15,0.20,0.10,1073,482,2.23,0.00%,"13:12 ET"
MSFT,183.16,Call,182.50,05/29/20,7,2.94,2.97,2.99,3.05,3232,1449,2.23,25.60%,"13:17 ET"
LUV,28.72,Call,35.00,09/18/20,119,2.05,2.1,2.15,2.10,7829,3507,2.23,63.38%,"12:53 ET"
BBBY,6.66,Call,10.00,11/20/20,182,0.94,0.98,1.02,0.98,550,248,2.22,99.87%,"13:13 ET"
ROKU,108.44,Call,112.00,05/29/20,7,2.28,2.32,2.35,2.30,995,449,2.22,62.43%,"13:24 ET"
UAL,25.06,Put,25.00,05/29/20,7,1.10,1.13,1.15,1.12,2176,979,2.22,79.64%,"13:13 ET"
SPLK,182.6,Call,180.00,05/29/20,7,6.80,6.9,7.00,6.80,2321,1046,2.22,50.20%,"13:22 ET"
PDD,66.71,Put,50.00,01/15/21,238,5.40,5.8,6.20,5.90,503,228,2.21,68.66%,"12:38 ET"
TEAM,183.07,Call,182.50,05/22/20,0,0.95,1.23,1.50,1.30,1696,766,2.21,0.00%,"12:49 ET"
JD,50.02,Put,49.00,05/22/20,0,0.07,0.09,0.10,0.10,1949,880,2.21,0.00%,"13:28 ET"
NFLX,432.41,Call,430.00,05/22/20,0,3.15,3.28,3.40,3.17,2096,950,2.21,0.00%,"13:14 ET"
TSLA,824.12,Call,845.00,05/29/20,7,16.00,16.15,16.30,16.05,630,286,2.2,54.66%,"13:13 ET"
AMZN,2444.23,Call,2485.00,05/22/20,0,0.42,0.46,0.50,0.45,1394,633,2.2,0.00%,"13:26 ET"
ZM,172.93,Put,170.00,05/22/20,0,0.20,0.25,0.30,0.22,4208,1919,2.19,0.00%,"13:21 ET"
SHOP,822.03,Call,820.00,05/29/20,7,26.00,26.75,27.50,26.70,639,293,2.18,53.75%,"13:25 ET"
AMRN,7.2,Call,7.00,05/22/20,0,0.16,0.22,0.28,0.25,1045,479,2.18,0.00%,"13:20 ET"
AMRN,7.2,Call,7.50,05/29/20,7,0.15,0.19,0.23,0.20,1052,484,2.17,77.74%,"13:21 ET"
RCL,42.62,Call,41.50,05/29/20,7,2.61,2.67,2.73,2.44,579,268,2.16,71.51%,"12:29 ET"
GOOGL,1402.86,Put,1390.00,05/22/20,0,0.35,0.43,0.50,0.40,658,304,2.16,0.00%,"13:17 ET"
CLVS,7.19,Call,7.50,05/29/20,7,0.25,0.28,0.30,0.25,1157,535,2.16,97.96%,"13:14 ET"
FB,232.73,Call,240.00,05/29/20,7,2.05,2.06,2.07,2.08,20778,9616,2.16,37.02%,"13:21 ET"
ROKU,108.44,Call,115.00,05/29/20,7,1.46,1.48,1.51,1.50,2023,941,2.15,63.64%,"13:25 ET"
C,44.17,Put,44.00,05/22/20,0,0.20,0.21,0.21,0.21,3045,1419,2.15,0.00%,"13:27 ET"
MAXR,11.73,Call,15.00,06/19/20,28,0.30,0.38,0.45,0.35,1014,476,2.13,98.31%,"13:15 ET"
LK,1.42,Put,2.00,05/29/20,7,0.68,0.71,0.74,0.72,2227,1045,2.13,349.07%,"13:10 ET"
GNMK,9.99,Call,12.50,06/19/20,28,0.45,0.53,0.60,0.55,1014,478,2.12,120.06%,"13:23 ET"
ALNY,139.76,Call,150.00,06/19/20,28,3.60,3.75,3.90,3.70,2019,952,2.12,48.13%,"12:32 ET"
AMZN,2444.23,Put,2430.00,05/22/20,0,1.23,1.34,1.44,1.32,2704,1275,2.12,0.00%,"13:26 ET"
NVDA,360.89,Call,375.00,05/22/20,0,0.11,0.12,0.13,0.14,7451,3512,2.12,0.00%,"13:19 ET"
WDAY,168.24,Call,165.00,05/29/20,7,8.70,8.9,9.10,8.94,851,403,2.11,79.28%,"13:19 ET"
FB,232.73,Call,235.00,05/22/20,0,0.47,0.48,0.49,0.45,31203,14757,2.11,0.00%,"13:21 ET"
SPLK,182.6,Call,175.00,05/22/20,0,7.90,8.25,8.60,8.19,1344,640,2.1,0.00%,"13:28 ET"
BABA,200.49,Put,192.50,05/29/20,7,1.66,1.69,1.73,1.68,1198,574,2.09,41.69%,"13:28 ET"
ACB,16.34,Call,17.00,05/22/20,0,0.20,0.22,0.23,0.22,3902,1866,2.09,0.00%,"13:24 ET"
NVDA,360.89,Put,340.00,05/29/20,7,2.59,2.65,2.70,2.51,1201,577,2.08,49.92%,"13:19 ET"
SPCE,15.63,Put,15.00,05/29/20,7,0.61,0.62,0.62,0.61,1729,847,2.04,106.36%,"13:25 ET"
PDD,66.71,Call,70.00,06/19/20,28,3.70,3.85,4.00,4.00,3917,1917,2.04,74.32%,"13:20 ET"
HTZ,2.86,Call,2.00,10/16/20,147,1.40,1.48,1.55,1.42,607,299,2.03,159.40%,"11:15 ET"
PEP,129.65,Call,130.00,05/22/20,0,0.22,0.26,0.29,0.25,722,355,2.03,0.00%,"13:20 ET"
FB,232.73,Call,260.00,06/05/20,14,0.56,0.58,0.59,0.57,1536,760,2.02,38.09%,"13:18 ET"
EBAY,43.13,Put,40.00,06/19/20,28,0.59,0.61,0.62,0.59,2007,995,2.02,37.62%,"13:04 ET"
BIDU,104.55,Put,100.00,05/29/20,7,1.23,1.26,1.29,1.22,2536,1253,2.02,53.34%,"13:29 ET"
TSLA,824.12,Put,810.00,05/22/20,0,0.52,0.54,0.57,0.53,6856,3399,2.02,0.00%,"13:15 ET"
BJ,36.9,Call,40.00,06/19/20,28,0.80,0.83,0.85,0.90,11472,5675,2.02,49.58%,"13:28 ET"
WYNN,78,Put,78.00,05/22/20,0,0.50,0.54,0.58,0.65,617,307,2.01,0.00%,"13:13 ET"
INTC,61.84,Put,61.50,06/19/20,28,2.03,2.05,2.07,2.05,575,289,1.99,33.87%,"12:54 ET"
MDT,93.61,Put,80.00,11/20/20,182,3.90,4.03,4.15,4.05,615,309,1.99,39.05%,"12:58 ET"
TSLA,824.12,Call,865.00,05/29/20,7,10.45,10.58,10.70,10.50,890,447,1.99,55.84%,"13:12 ET"
SQ,81.65,Call,90.00,05/29/20,7,0.38,0.39,0.40,0.39,2489,1249,1.99,56.34%,"13:23 ET"
BA,136.33,Call,138.00,05/29/20,7,3.70,3.78,3.85,3.75,546,279,1.96,59.48%,"13:27 ET"
AGNC,12.91,Call,13.00,05/29/20,7,0.11,0.15,0.19,0.13,1137,580,1.96,21.86%,"13:14 ET"
CHWY,42.14,Call,42.00,05/29/20,7,1.45,1.53,1.60,1.63,1681,856,1.96,62.64%,"13:07 ET"
DB,7.3,Call,8.00,06/05/20,14,0.06,0.08,0.11,0.10,500,258,1.94,57.60%,"10:58 ET"
NVDA,360.89,Put,355.00,05/29/20,7,6.75,6.9,7.05,6.60,1101,567,1.94,47.80%,"13:19 ET"
ROKU,108.44,Call,116.00,05/29/20,7,1.26,1.3,1.33,1.30,1544,796,1.94,64.19%,"13:21 ET"
JPM,89.67,Call,89.00,05/22/20,0,0.52,0.54,0.57,0.52,1902,981,1.94,0.00%,"13:29 ET"
TSLA,824.12,Put,805.00,05/22/20,0,0.32,0.33,0.35,0.33,3698,1905,1.94,0.00%,"13:14 ET"
NVDA,360.89,Call,380.00,05/29/20,7,3.40,3.53,3.65,3.85,3767,1938,1.94,52.13%,"13:19 ET"
TSLA,824.12,Call,820.00,06/05/20,14,40.00,40.18,40.35,39.90,504,262,1.92,58.88%,"13:14 ET"
PDD,66.71,Put,60.00,07/17/20,56,3.80,3.9,4.00,3.90,871,454,1.92,67.78%,"13:19 ET"
EXPE,78.32,Put,77.00,05/29/20,7,1.70,1.78,1.85,1.80,615,322,1.91,53.52%,"13:16 ET"
TSLA,824.12,Put,730.00,05/29/20,7,1.90,1.95,2.00,1.94,975,511,1.91,59.04%,"13:15 ET"
FCX,8.79,Call,9.00,08/21/20,91,1.08,1.1,1.11,1.08,3628,1898,1.91,65.98%,"12:38 ET"
TSLA,824.12,Call,860.00,05/22/20,0,0.10,0.12,0.14,0.10,3737,1955,1.91,0.00%,"13:14 ET"
DAL,22.49,Call,22.00,06/19/20,28,2.13,2.15,2.16,2.14,10438,5477,1.91,78.26%,"13:15 ET"
BABA,200.49,Put,202.50,05/29/20,7,5.65,5.73,5.80,5.80,2147,1129,1.9,40.91%,"13:26 ET"
WFC,24.19,Put,25.50,05/29/20,7,1.46,1.48,1.50,1.50,519,275,1.89,47.47%,"13:15 ET"
AMZN,2444.23,Put,2420.00,05/22/20,0,0.55,0.61,0.66,0.55,2476,1313,1.89,0.00%,"13:25 ET"
MRNA,68.81,Call,71.00,05/22/20,0,0.10,0.15,0.20,0.19,1712,910,1.88,0.00%,"13:07 ET"
F,5.61,Call,4.00,09/18/20,119,1.88,1.9,1.91,1.91,3063,1627,1.88,81.44%,"13:19 ET"
FDX,117.13,Call,118.00,05/22/20,0,0.13,0.16,0.18,0.13,523,279,1.87,0.00%,"13:03 ET"
WDAY,168.24,Call,200.00,06/05/20,14,0.90,1,1.10,1.15,513,276,1.86,68.77%,"12:43 ET"
CSCO,44.72,Put,40.50,06/19/20,28,0.34,0.35,0.36,0.36,591,318,1.86,36.46%,"12:31 ET"
WYNN,78,Call,81.00,05/29/20,7,1.70,1.75,1.79,1.69,588,318,1.85,69.34%,"13:16 ET"
NVDA,360.89,Call,395.00,05/29/20,7,1.42,1.53,1.64,1.59,780,421,1.85,53.70%,"13:19 ET"
SEAS,17.36,Call,18.00,05/29/20,7,0.55,0.6,0.65,0.56,1016,550,1.85,84.29%,"13:26 ET"
NFLX,432.41,Call,440.00,05/22/20,0,0.13,0.15,0.16,0.17,6840,3699,1.85,0.00%,"13:18 ET"
SPOT,191.13,Put,190.00,05/22/20,0,0.35,0.4,0.45,0.50,1612,874,1.84,0.00%,"13:12 ET"
MRNA,68.81,Call,68.00,05/22/20,0,1.10,1.2,1.30,1.17,1947,1059,1.84,0.00%,"13:11 ET"
NVDA,360.89,Call,360.00,05/29/20,7,10.25,10.4,10.55,10.85,5370,2931,1.83,50.89%,"13:19 ET"
QCOM,77.77,Call,77.00,05/29/20,7,2.15,2.18,2.21,2.10,767,421,1.82,36.47%,"13:17 ET"
JNJ,144.72,Put,145.00,05/22/20,0,0.47,0.51,0.54,0.50,3659,2023,1.81,0.00%,"13:28 ET"
WDAY,168.24,Call,165.00,05/22/20,0,2.20,3,3.80,3.40,857,475,1.8,0.00%,"12:57 ET"
TSLA,824.12,Call,870.00,05/29/20,7,9.40,9.53,9.65,9.55,1072,595,1.8,56.53%,"13:12 ET"
ZM,172.93,Call,175.00,05/22/20,0,0.40,0.43,0.45,0.49,4728,2632,1.8,0.00%,"13:20 ET"
BABA,200.49,Put,202.50,05/22/20,0,2.72,2.79,2.85,2.75,5378,2993,1.8,0.00%,"13:27 ET"
LK,1.42,Put,0.50,07/17/20,56,0.12,0.13,0.13,0.13,770,429,1.79,346.99%,"13:10 ET"
NFLX,432.41,Call,440.00,05/29/20,7,5.40,5.55,5.70,5.55,1940,1083,1.79,36.76%,"13:16 ET"
ROKU,108.44,Call,120.00,05/29/20,7,0.71,0.73,0.75,0.72,3157,1768,1.79,66.28%,"13:25 ET"
ESTC,83.83,Call,90.00,06/19/20,28,4.40,4.6,4.80,4.70,561,315,1.78,76.61%,"13:16 ET"
DKNG,28.9,Call,29.00,05/29/20,7,1.45,1.53,1.60,1.51,797,449,1.78,94.08%,"13:06 ET"
TSLA,824.12,Call,850.00,05/29/20,7,14.35,14.52,14.70,14.28,3115,1747,1.78,54.50%,"13:13 ET"
IBN,7.71,Put,7.00,01/15/21,238,0.96,0.99,1.02,1.00,799,452,1.77,57.87%,"12:03 ET"
TLRY,9.97,Call,9.50,05/22/20,0,0.57,0.64,0.70,0.70,5609,3162,1.77,0.00%,"13:31 ET"
GM,25.83,Call,25.00,07/17/20,56,2.52,2.54,2.56,2.53,18055,10212,1.77,51.50%,"13:23 ET"
FL,25.55,Put,27.00,05/22/20,0,1.30,1.4,1.50,1.47,1261,717,1.76,0.00%,"13:14 ET"
INO,14.1,Put,14.00,05/29/20,7,1.15,1.17,1.20,1.20,1047,600,1.75,162.69%,"13:22 ET"
FB,232.73,Call,237.50,05/29/20,7,2.80,2.83,2.85,2.86,3397,1946,1.75,37.17%,"13:21 ET"
HAL,11.49,Put,11.00,05/29/20,7,0.21,0.22,0.22,0.22,4944,2821,1.75,68.42%,"13:18 ET"
ORC,4.09,Call,5.00,07/17/20,56,0.05,0.08,0.10,0.10,1607,923,1.74,57.80%,"13:20 ET"
SPLK,182.6,Call,182.50,05/29/20,7,5.30,5.5,5.70,5.40,1954,1120,1.74,49.89%,"13:27 ET"
NFLX,432.41,Call,435.00,05/29/20,7,7.55,7.65,7.75,7.76,2578,1485,1.74,37.68%,"13:18 ET"
SPCE,15.63,Call,15.00,05/29/20,7,1.20,1.23,1.26,1.25,2589,1486,1.74,104.62%,"13:23 ET"
NVDA,360.89,Call,355.00,05/22/20,0,7.40,7.6,7.80,7.60,5296,3041,1.74,0.00%,"13:19 ET"
TSLA,824.12,Put,820.00,05/29/20,7,22.10,22.28,22.45,22.20,1225,709,1.73,53.15%,"13:13 ET"
CGC,19.08,Call,19.00,05/29/20,7,1.30,1.36,1.41,1.35,1492,862,1.73,114.89%,"13:31 ET"
APHA,3.97,Call,4.50,05/29/20,7,0.05,0.08,0.10,0.10,683,396,1.72,120.38%,"13:25 ET"
BABA,200.49,Call,210.00,06/05/20,14,2.51,2.55,2.58,2.53,1602,933,1.72,38.92%,"13:28 ET"
NVDA,360.89,Put,345.00,05/29/20,7,3.60,3.73,3.85,3.50,3336,1945,1.72,48.91%,"13:19 ET"
DDOG,72.78,Call,80.00,06/19/20,28,2.45,2.5,2.55,2.45,5591,3258,1.72,61.74%,"13:17 ET"
AAL,9.73,Call,9.50,06/19/20,28,1.15,1.18,1.21,1.18,519,303,1.71,99.73%,"13:17 ET"
ALT,6.79,Call,7.50,07/17/20,56,0.90,1.03,1.15,1.05,1444,846,1.71,125.53%,"13:22 ET"
C,44.17,Put,44.00,05/29/20,7,1.06,1.07,1.08,1.07,542,319,1.7,46.05%,"13:27 ET"
AAPL,317.46,Call,337.50,05/29/20,7,0.16,0.17,0.17,0.16,642,377,1.7,24.24%,"13:19 ET"
JD,50.02,Put,48.00,05/29/20,7,0.73,0.76,0.78,0.77,966,568,1.7,59.72%,"13:28 ET"
NVDA,360.89,Call,355.00,05/29/20,7,13.05,13.23,13.40,13.70,1909,1122,1.7,51.49%,"13:19 ET"
FB,232.73,Call,235.00,05/29/20,7,3.80,3.83,3.85,3.87,10557,6228,1.7,37.65%,"13:21 ET"
TLRY,9.97,Put,8.50,05/29/20,7,0.36,0.39,0.41,0.41,595,353,1.69,195.22%,"13:27 ET"
TSLA,824.12,Call,890.00,05/29/20,7,6.15,6.25,6.35,6.25,1824,1081,1.69,58.25%,"13:12 ET"
BABA,200.49,Call,205.00,05/29/20,7,2.40,2.41,2.41,2.40,6039,3577,1.69,39.28%,"13:28 ET"
SHOP,822.03,Call,840.00,05/29/20,7,17.20,17.9,18.60,15.90,561,335,1.67,49.68%,"13:07 ET"
CGC,19.08,Call,19.00,06/05/20,14,1.63,1.69,1.76,1.69,565,338,1.67,103.99%,"13:22 ET"
DBX,21.9,Call,24.00,10/16/20,147,1.70,1.78,1.85,1.75,632,378,1.67,45.26%,"13:08 ET"
BAC,22.73,Call,22.00,11/20/20,182,3.00,3.05,3.10,3.05,671,403,1.67,42.01%,"13:18 ET"
GOOGL,1402.86,Put,1400.00,05/22/20,0,1.30,1.4,1.50,1.70,694,415,1.67,0.00%,"13:24 ET"
BABA,200.49,Put,195.00,05/29/20,7,2.33,2.37,2.41,2.37,3637,2180,1.67,41.18%,"13:28 ET"
T,29.75,Call,29.00,06/05/20,14,1.12,1.14,1.16,1.11,516,311,1.66,28.66%,"13:29 ET"
QCOM,77.77,Call,78.00,05/29/20,7,1.55,1.58,1.60,1.53,522,314,1.66,35.74%,"13:22 ET"
NCLH,13.92,Put,13.50,05/29/20,7,0.40,0.45,0.50,0.48,996,601,1.66,81.73%,"13:11 ET"
AAPL,317.46,Call,327.50,05/29/20,7,0.95,0.96,0.97,0.95,1249,753,1.66,23.00%,"13:24 ET"
NVDA,360.89,Put,360.00,05/29/20,7,8.95,9.18,9.40,8.70,801,484,1.65,47.10%,"13:19 ET"
RAMP,48.13,Call,50.00,06/19/20,28,1.75,1.95,2.15,2.10,811,493,1.65,53.18%,"13:20 ET"
V,190.12,Call,190.00,05/22/20,0,0.53,0.55,0.58,0.56,1400,847,1.65,0.00%,"13:15 ET"
BABA,200.49,Call,205.00,06/05/20,14,4.00,4.08,4.15,4.13,1458,885,1.65,39.34%,"13:28 ET"
FB,232.73,Call,250.00,06/12/20,21,2.20,2.24,2.27,2.25,1954,1183,1.65,34.89%,"13:21 ET"
CCL,14.38,Call,15.50,05/29/20,7,0.20,0.23,0.25,0.22,3400,2057,1.65,74.72%,"13:29 ET"
AMZN,2444.23,Put,2400.00,05/22/20,0,0.21,0.23,0.25,0.22,3554,2156,1.65,0.00%,"13:26 ET"
UBER,34.55,Call,35.00,05/29/20,7,0.82,0.85,0.87,0.87,6770,4111,1.65,57.21%,"13:16 ET"
AMD,54.99,Call,54.00,05/22/20,0,1.13,1.17,1.20,1.15,7161,4329,1.65,0.00%,"13:24 ET"
GOOGL,1402.86,Call,1415.00,05/22/20,0,0.20,0.33,0.45,0.39,563,344,1.64,0.00%,"13:22 ET"
NAVB,2.47,Call,1.00,06/19/20,28,1.40,1.55,1.70,1.55,860,523,1.64,291.33%,"13:05 ET"
AAPL,317.46,Put,317.50,05/22/20,0,0.81,0.83,0.84,0.83,12133,7409,1.64,0.00%,"13:24 ET"
CGC,19.08,Call,18.50,05/29/20,7,1.54,1.6,1.65,1.61,937,575,1.63,114.10%,"13:28 ET"
GM,25.83,Put,22.00,06/05/20,14,0.11,0.11,0.12,0.15,563,347,1.62,65.51%,"13:02 ET"
SPCE,15.63,Call,18.00,06/05/20,14,0.71,0.73,0.74,0.72,722,446,1.62,124.53%,"13:27 ET"
AMD,54.99,Call,55.00,05/29/20,7,1.40,1.41,1.42,1.41,6525,4023,1.62,43.24%,"13:25 ET"
WYNN,78,Put,77.00,05/22/20,0,0.22,0.25,0.28,0.32,986,612,1.61,0.00%,"13:10 ET"
VZ,54.1,Put,54.00,06/19/20,28,1.26,1.28,1.30,1.26,1219,758,1.61,22.96%,"13:10 ET"
NVDA,360.89,Call,430.00,05/29/20,7,0.25,0.3,0.35,0.31,1343,834,1.61,63.40%,"13:16 ET"
NVDA,360.89,Put,330.00,05/29/20,7,1.29,1.33,1.37,1.25,1476,919,1.61,52.28%,"13:19 ET"
PAGS,26.1,Put,22.50,06/19/20,28,0.90,0.95,1.00,1.00,2000,1248,1.6,89.34%,"12:02 ET"
BABA,200.49,Put,180.00,06/12/20,21,1.57,1.61,1.65,1.70,512,322,1.59,44.65%,"13:26 ET"
OXY,13.86,Put,12.50,06/05/20,14,0.33,0.35,0.36,0.35,550,346,1.59,84.14%,"11:28 ET"
ZM,172.93,Put,175.00,05/22/20,0,2.15,2.25,2.35,2.15,823,519,1.59,0.00%,"13:20 ET"
SPLK,182.6,Call,200.00,01/21/22,609,31.60,33.3,35.00,34.20,1405,891,1.58,41.53%,"12:44 ET"
NFLX,432.41,Put,435.00,05/22/20,0,3.00,3.1,3.20,2.90,3749,2374,1.58,0.00%,"13:17 ET"
FB,232.73,Put,232.50,05/22/20,0,0.50,0.51,0.52,0.52,5066,3207,1.58,0.00%,"13:21 ET"
SPLK,182.6,Call,172.50,05/22/20,0,10.20,10.6,11.00,10.10,523,334,1.57,0.00%,"13:08 ET"
PANW,236.36,Call,250.00,05/29/20,7,0.85,1,1.15,0.94,525,335,1.57,38.36%,"13:15 ET"
BAC,22.73,Put,20.50,06/19/20,28,0.46,0.46,0.47,0.46,862,549,1.57,53.05%,"13:13 ET"
INO,14.1,Call,14.50,05/29/20,7,0.95,1,1.05,1.02,958,609,1.57,151.93%,"13:18 ET"
SPCE,15.63,Call,16.50,05/29/20,7,0.61,0.64,0.66,0.63,1295,825,1.57,112.33%,"13:27 ET"
BA,136.33,Call,139.00,05/22/20,0,0.10,0.11,0.11,0.11,2327,1482,1.57,0.00%,"13:25 ET"
BA,136.33,Put,138.00,05/22/20,0,1.82,1.88,1.94,1.95,2380,1517,1.57,0.00%,"13:26 ET"
TSLA,824.12,Call,900.00,05/29/20,7,5.00,5.03,5.05,5.10,8871,5659,1.57,59.33%,"13:15 ET"
AMD,54.99,Call,58.00,06/12/20,21,1.33,1.37,1.40,1.37,507,324,1.56,46.61%,"13:24 ET"
BMY,61.23,Put,62.50,10/16/20,147,5.25,5.33,5.40,5.30,794,510,1.56,30.99%,"12:53 ET"
VZ,54.1,Call,56.00,06/05/20,14,0.23,0.25,0.27,0.21,580,374,1.55,18.86%,"12:51 ET"
NFLX,432.41,Call,445.00,05/29/20,7,3.80,3.88,3.95,3.95,1020,658,1.55,36.65%,"13:17 ET"
ADBE,385.11,Put,380.00,05/22/20,0,0.11,0.15,0.19,0.15,1134,737,1.54,0.00%,"13:15 ET"
AMZN,2444.23,Call,2495.00,05/22/20,0,0.25,0.27,0.29,0.33,1302,846,1.54,0.00%,"13:24 ET"
BABA,200.49,Call,220.00,06/05/20,14,0.91,0.94,0.96,0.95,2689,1746,1.54,40.39%,"13:27 ET"
TSLA,824.12,Put,815.00,05/29/20,7,19.45,19.6,19.75,20.05,932,609,1.53,53.62%,"13:13 ET"
PTON,46.05,Call,50.00,06/12/20,21,1.52,1.6,1.67,1.60,4725,3092,1.53,68.83%,"13:23 ET"
MSFT,183.16,Call,185.00,05/22/20,0,0.09,0.1,0.10,0.11,15680,10230,1.53,0.00%,"13:17 ET"
MDB,215.26,Call,215.00,05/22/20,0,1.45,1.65,1.85,1.50,567,374,1.52,0.00%,"13:14 ET"
ELF,16.58,Call,17.50,06/19/20,28,0.70,0.75,0.80,0.79,817,538,1.52,62.92%,"13:19 ET"
TXMD,1.27,Call,1.50,06/19/20,28,0.15,0.18,0.20,0.20,1816,1194,1.52,199.42%,"13:10 ET"
MU,44.76,Call,46.50,05/29/20,7,0.41,0.42,0.43,0.41,2279,1498,1.52,40.48%,"13:16 ET"
FLEX,9.64,Put,9.00,06/19/20,28,0.33,0.36,0.38,0.35,538,356,1.51,59.82%,"10:32 ET"
ATVI,72.96,Call,73.00,05/22/20,0,0.15,0.17,0.19,0.20,871,575,1.51,0.00%,"13:22 ET"
MOS,11.57,Call,18.00,01/21/22,609,1.14,1.44,1.73,1.60,1101,728,1.51,53.79%,"12:39 ET"
V,190.12,Put,190.00,05/22/20,0,0.40,0.42,0.44,0.39,1399,928,1.51,0.00%,"13:17 ET"
X,7.32,Put,7.00,06/12/20,21,0.40,0.42,0.43,0.41,517,344,1.5,80.46%,"13:14 ET"
MRNA,68.81,Call,71.00,05/29/20,7,3.10,3.2,3.30,3.30,603,402,1.5,113.22%,"13:08 ET"
COTY,3.65,Call,3.50,05/29/20,7,0.28,0.3,0.31,0.31,605,403,1.5,124.64%,"13:14 ET"
BABA,200.49,Call,202.50,06/05/20,14,5.05,5.13,5.20,5.15,615,409,1.5,39.54%,"13:27 ET"
BYND,136.67,Call,180.00,06/05/20,14,0.57,0.59,0.61,0.57,1217,811,1.5,86.11%,"13:00 ET"
CMCSA,38.82,Call,40.00,06/05/20,14,0.47,0.49,0.50,0.42,2082,1396,1.49,28.96%,"12:46 ET"
AMZN,2444.23,Call,2490.00,05/22/20,0,0.29,0.32,0.36,0.33,2535,1699,1.49,0.00%,"13:25 ET"
JPM,89.67,Call,90.00,05/29/20,7,1.44,1.46,1.48,1.46,2586,1731,1.49,34.51%,"13:27 ET"
TLRY,9.97,Call,9.50,05/29/20,7,1.00,1.06,1.11,1.06,3236,2179,1.49,141.97%,"13:30 ET"
UAL,25.06,Put,25.00,05/22/20,0,0.17,0.19,0.20,0.18,6393,4279,1.49,0.00%,"13:12 ET"
AAPL,317.46,Put,330.00,09/18/20,119,28.35,28.5,28.65,28.60,610,411,1.48,31.02%,"13:21 ET"
BYND,136.67,Put,136.00,05/22/20,0,0.76,0.79,0.83,0.81,669,452,1.48,0.00%,"13:27 ET"
SBUX,77.26,Put,77.00,05/29/20,7,1.24,1.27,1.29,1.27,814,550,1.48,33.22%,"13:09 ET"
AMZN,2444.23,Call,2460.00,05/29/20,7,29.45,29.73,30.00,30.10,847,573,1.48,26.12%,"13:23 ET"
NVDA,360.89,Call,375.00,05/29/20,7,4.55,4.68,4.80,5.05,2539,1721,1.48,51.53%,"13:19 ET"
AMD,54.99,Call,55.00,05/22/20,0,0.28,0.3,0.31,0.30,17843,12084,1.48,0.00%,"13:26 ET"
FEYE,11.83,Call,12.00,07/17/20,56,1.05,1.08,1.10,1.05,740,503,1.47,60.68%,"13:04 ET"
AMZN,2444.23,Call,2470.00,05/29/20,7,25.35,25.65,25.95,25.68,1028,701,1.47,25.96%,"13:26 ET"
DOW,35.74,Put,33.00,06/19/20,28,1.00,1.03,1.05,1.00,1780,1207,1.47,54.90%,"13:12 ET"
NFLX,432.41,Put,430.00,05/22/20,0,0.62,0.66,0.69,0.53,5473,3711,1.47,0.00%,"13:18 ET"
NIO,3.27,Put,2.50,06/05/20,14,0.09,0.1,0.11,0.10,542,370,1.46,161.40%,"12:58 ET"
LUV,28.72,Call,35.00,12/18/20,210,3.40,3.45,3.50,3.40,1048,717,1.46,62.87%,"13:01 ET"
SPCE,15.63,Call,18.00,05/29/20,7,0.32,0.33,0.34,0.33,1983,1359,1.46,122.83%,"13:27 ET"
SQ,81.65,Put,81.00,05/22/20,0,0.09,0.11,0.12,0.12,2107,1443,1.46,0.00%,"13:25 ET"
CGC,19.08,Call,20.00,05/29/20,7,0.94,0.97,1.00,0.95,2641,1811,1.46,118.56%,"13:30 ET"
BABA,200.49,Call,217.50,05/29/20,7,0.45,0.46,0.47,0.46,2989,2050,1.46,42.95%,"13:23 ET"
AAPL,317.46,Put,315.00,05/29/20,7,3.30,3.35,3.40,3.37,5261,3600,1.46,26.52%,"13:24 ET"
MAXR,11.73,Put,10.00,06/19/20,28,0.50,0.55,0.60,0.55,555,383,1.45,101.82%,"13:10 ET"
PANW,236.36,Call,235.00,05/22/20,0,2.37,2.69,3.00,2.61,947,654,1.45,0.00%,"13:19 ET"
RCL,42.62,Put,43.00,05/22/20,0,0.48,0.51,0.53,0.58,1737,1196,1.45,0.00%,"13:17 ET"
JD,50.02,Call,52.00,05/29/20,7,0.68,0.71,0.74,0.73,856,593,1.44,52.47%,"13:18 ET"
MTCH,85.5,Call,75.00,06/19/20,28,10.90,11.35,11.80,10.90,1000,693,1.44,35.31%,"11:21 ET"
WORK,31.86,Call,28.00,07/17/20,56,5.80,5.85,5.90,5.90,1136,788,1.44,78.78%,"12:30 ET"
WDC,42.5,Put,35.00,07/17/20,56,1.19,1.21,1.23,1.21,1228,853,1.44,64.57%,"12:57 ET"
NVDA,360.89,Call,400.00,06/05/20,14,2.79,2.86,2.92,2.91,1778,1233,1.44,50.03%,"13:19 ET"
SPCE,15.63,Put,15.00,06/05/20,14,1.04,1.06,1.08,1.06,873,612,1.43,114.19%,"13:19 ET"
FB,232.73,Call,230.00,06/05/20,14,8.40,8.45,8.50,8.35,1210,848,1.43,37.57%,"13:18 ET"
BABA,200.49,Put,190.00,05/29/20,7,1.16,1.18,1.20,1.20,3562,2486,1.43,42.78%,"13:28 ET"
PTON,46.05,Call,50.00,05/29/20,7,0.47,0.49,0.50,0.45,4112,2873,1.43,65.77%,"13:22 ET"
NIO,3.27,Put,3.50,06/19/20,28,0.60,0.61,0.61,0.61,15548,10881,1.43,130.07%,"13:17 ET"
AAPL,317.46,Call,332.50,05/29/20,7,0.37,0.38,0.39,0.38,629,443,1.42,23.26%,"13:23 ET"
NCLH,13.92,Put,13.00,05/29/20,7,0.25,0.28,0.30,0.30,738,521,1.42,83.50%,"13:18 ET"
MAXR,11.73,Call,15.00,07/17/20,56,0.65,0.75,0.85,0.64,769,543,1.42,88.98%,"12:45 ET"
AMAT,54.44,Put,55.00,05/22/20,0,0.50,0.54,0.58,0.51,1834,1295,1.42,0.00%,"13:23 ET"
SQ,81.65,Call,81.00,05/22/20,0,1.22,1.27,1.31,1.15,2853,2008,1.42,0.00%,"13:28 ET"
AAPL,317.46,Call,320.00,05/22/20,0,0.15,0.16,0.17,0.15,24174,17004,1.42,0.00%,"13:24 ET"
TTD,311.8,Call,315.00,05/22/20,0,0.55,0.73,0.90,0.68,513,365,1.41,0.00%,"13:12 ET"
APHA,3.97,Call,4.00,06/26/20,35,0.35,0.4,0.45,0.42,522,369,1.41,84.75%,"12:55 ET"
SBUX,77.26,Put,75.50,05/29/20,7,0.69,0.71,0.73,0.70,810,573,1.41,33.72%,"13:21 ET"
SHOP,822.03,Call,810.00,05/22/20,0,14.50,15.5,16.50,12.89,1665,1185,1.41,0.00%,"13:15 ET"
CHWY,42.14,Call,50.00,01/15/21,238,5.40,5.55,5.70,5.50,2115,1498,1.41,59.04%,"12:50 ET"
TSLA,824.12,Call,820.00,05/29/20,7,26.40,26.65,26.90,26.76,2367,1677,1.41,54.49%,"13:12 ET"
TSLA,824.12,Call,800.00,05/22/20,0,24.60,24.93,25.25,24.58,3399,2405,1.41,0.00%,"13:14 ET"
AMZN,2444.23,Call,2500.00,05/22/20,0,0.20,0.22,0.24,0.20,8276,5855,1.41,0.00%,"13:26 ET"
AMD,54.99,Call,59.00,06/19/20,28,1.40,1.41,1.42,1.43,525,374,1.4,46.64%,"13:23 ET"
AMZN,2444.23,Call,2420.00,05/22/20,0,27.25,27.85,28.45,28.80,626,448,1.4,0.00%,"13:19 ET"
TLRY,9.97,Put,11.00,12/18/20,210,5.80,6.4,7.00,6.30,673,480,1.4,203.11%,"12:32 ET"
KSS,17.26,Call,18.00,05/29/20,7,0.35,0.4,0.45,0.40,710,507,1.4,71.90%,"13:21 ET"
BYND,136.67,Call,138.00,05/22/20,0,0.38,0.4,0.42,0.42,1128,803,1.4,0.00%,"13:29 ET"
TSLA,824.12,Call,855.00,05/22/20,0,0.14,0.16,0.18,0.16,1978,1410,1.4,0.00%,"13:11 ET"
AMZN,2444.23,Put,2450.00,05/29/20,7,36.40,36.72,37.05,36.40,605,438,1.38,26.47%,"13:23 ET"
PYPL,150.15,Call,150.00,05/29/20,7,2.69,2.74,2.78,2.75,1436,1043,1.38,29.83%,"13:20 ET"
SHOP,822.03,Call,850.00,05/22/20,0,0.25,0.33,0.40,0.35,1659,1204,1.38,0.00%,"13:24 ET"
FB,232.73,Put,232.50,05/29/20,7,3.90,3.95,4.00,3.99,1683,1219,1.38,32.44%,"13:21 ET"
LK,1.42,Put,2.00,05/22/20,0,0.60,0.61,0.61,0.60,4327,3136,1.38,0.00%,"13:09 ET"
FB,232.73,Call,247.50,05/29/20,7,0.76,0.78,0.79,0.79,648,474,1.37,38.28%,"13:21 ET"
INSG,10.78,Call,12.50,07/17/20,56,0.85,0.93,1.00,0.93,705,516,1.37,87.39%,"13:24 ET"
ALT,6.79,Call,10.00,06/19/20,28,0.25,0.33,0.40,0.25,808,591,1.37,138.35%,"13:16 ET"
X,7.32,Call,7.50,05/29/20,7,0.20,0.21,0.21,0.20,1505,1107,1.36,70.54%,"12:59 ET"
MSFT,183.16,Call,182.50,05/22/20,0,0.95,0.98,1.01,1.04,4860,3573,1.36,0.00%,"13:16 ET"
SFIX,23.41,Call,22.00,05/29/20,7,2.00,2.08,2.15,2.10,7715,5704,1.35,98.12%,"13:24 ET"
NCLH,13.92,Put,14.00,05/29/20,7,0.60,0.65,0.70,0.77,1032,772,1.34,86.27%,"13:06 ET"
ACB,16.34,Call,17.00,05/29/20,7,1.47,1.51,1.54,1.49,1069,796,1.34,183.78%,"13:25 ET"
SBUX,77.26,Put,75.00,05/29/20,7,0.57,0.59,0.60,0.57,1445,1082,1.34,34.16%,"13:22 ET"
IQ,15.35,Put,15.00,07/17/20,56,1.36,1.38,1.40,1.38,1592,1186,1.34,66.72%,"13:14 ET"
DAL,22.49,Put,23.00,05/22/20,0,0.50,0.52,0.54,0.59,3126,2332,1.34,0.00%,"12:56 ET"
KO,44.71,Call,45.00,05/29/20,7,0.47,0.48,0.49,0.49,539,406,1.33,24.99%,"13:30 ET"
VZ,54.1,Call,53.00,05/29/20,7,1.33,1.37,1.41,1.28,1275,960,1.33,15.80%,"12:46 ET"
INO,14.1,Put,14.00,05/22/20,0,0.05,0.08,0.10,0.10,2138,1608,1.33,0.00%,"13:18 ET"
BABA,200.49,Put,200.00,05/29/20,7,4.30,4.38,4.45,4.40,5127,3851,1.33,40.64%,"13:28 ET"
TLRY,9.97,Call,9.50,06/05/20,14,1.15,1.21,1.27,1.21,547,415,1.32,120.63%,"13:27 ET"
GOOGL,1402.86,Call,1425.00,05/22/20,0,0.10,0.2,0.30,0.17,548,416,1.32,0.00%,"13:22 ET"
GILD,72.95,Call,73.00,05/22/20,0,0.31,0.35,0.39,0.37,718,543,1.32,0.00%,"13:16 ET"
PTON,46.05,Call,45.00,05/29/20,7,2.37,2.39,2.40,2.37,947,718,1.32,69.66%,"13:20 ET"
FB,232.73,Call,232.50,06/05/20,14,6.95,7,7.05,7.05,1127,856,1.32,37.62%,"13:20 ET"
AAPL,317.46,Call,317.50,05/29/20,7,4.50,4.55,4.60,4.53,3327,2515,1.32,24.97%,"13:23 ET"
UAL,25.06,Call,26.00,06/05/20,14,1.36,1.4,1.44,1.36,526,403,1.31,92.18%,"13:03 ET"
SBUX,77.26,Call,77.00,05/29/20,7,1.47,1.5,1.53,1.52,706,537,1.31,32.02%,"13:25 ET"
LUV,28.72,Call,29.50,05/29/20,7,0.60,0.63,0.65,0.68,734,560,1.31,65.51%,"12:52 ET"
AMZN,2444.23,Call,2430.00,05/22/20,0,18.10,18.5,18.90,19.00,855,653,1.31,0.00%,"13:25 ET"
ROKU,108.44,Put,111.00,05/22/20,0,2.70,2.79,2.88,2.65,1013,776,1.31,0.00%,"13:13 ET"
MSFT,183.16,Put,182.50,06/19/20,28,5.25,5.3,5.35,5.25,1097,837,1.31,28.46%,"13:02 ET"
TSLA,824.12,Put,750.00,05/29/20,7,3.35,3.43,3.50,3.41,1951,1484,1.31,56.38%,"13:15 ET"
FEYE,11.83,Call,11.50,05/22/20,0,0.34,0.37,0.39,0.35,3164,2411,1.31,0.00%,"13:15 ET"
BABA,200.49,Call,212.50,05/29/20,7,0.86,0.87,0.88,0.87,4043,3095,1.31,40.80%,"13:28 ET"
BABA,200.49,Call,215.00,05/29/20,7,0.62,0.63,0.64,0.62,5240,4010,1.31,41.64%,"13:27 ET"
LK,1.42,Put,1.00,05/29/20,7,0.11,0.11,0.12,0.11,5856,4474,1.31,398.63%,"13:13 ET"
MA,294.98,Call,295.00,05/22/20,0,0.97,1.03,1.09,1.11,541,416,1.3,0.00%,"13:00 ET"
COTY,3.65,Call,5.00,07/17/20,56,0.12,0.16,0.19,0.16,1018,784,1.3,93.13%,"13:14 ET"
SPLK,182.6,Call,190.00,05/22/20,0,0.15,0.2,0.25,0.15,1103,846,1.3,0.00%,"13:28 ET"
TWTR,32.42,Call,32.50,05/22/20,0,0.13,0.14,0.14,0.14,3268,2510,1.3,0.00%,"13:14 ET"
BA,136.33,Put,139.00,05/22/20,0,2.72,2.79,2.86,2.64,714,554,1.29,0.00%,"13:20 ET"
BMY,61.23,Call,62.00,05/29/20,7,0.51,0.53,0.55,0.53,759,590,1.29,24.99%,"13:25 ET"
SBUX,77.26,Call,78.00,05/29/20,7,0.99,1.01,1.03,1.03,795,616,1.29,31.50%,"13:25 ET"
BABA,200.49,Call,200.00,05/29/20,7,4.40,4.45,4.50,4.45,2589,2004,1.29,39.43%,"13:28 ET"
HPQ,16.95,Call,18.00,07/17/20,56,0.93,0.95,0.97,0.94,2868,2215,1.29,50.96%,"12:59 ET"
AMD,54.99,Put,54.00,05/29/20,7,0.87,0.89,0.90,0.89,5779,4472,1.29,46.55%,"13:25 ET"
TSLA,824.12,Call,980.00,05/29/20,7,1.44,1.48,1.51,1.50,713,558,1.28,72.13%,"13:15 ET"
SPLK,182.6,Call,200.00,06/19/20,28,3.70,3.8,3.90,3.70,854,669,1.28,46.68%,"13:20 ET"
STNG,16.5,Call,18.00,01/15/21,238,4.10,4.25,4.40,4.10,528,416,1.27,87.39%,"12:25 ET"
TSLA,824.12,Call,810.00,05/29/20,7,31.85,32.15,32.45,32.35,663,521,1.27,54.87%,"13:12 ET"
DOCU,132.39,Call,135.00,05/29/20,7,2.70,2.78,2.85,2.85,529,420,1.26,53.15%,"13:18 ET"
LULU,275.04,Call,280.00,05/29/20,7,3.55,3.72,3.90,3.65,556,443,1.26,38.35%,"13:09 ET"
SPLK,182.6,Call,230.00,01/21/22,609,21.70,23.25,24.80,22.96,743,589,1.26,38.96%,"13:22 ET"
MRNA,68.81,Put,67.00,05/22/20,0,0.20,0.23,0.25,0.20,1600,1265,1.26,0.00%,"13:17 ET"
VUZI,2.83,Call,2.50,06/19/20,28,0.75,0.83,0.90,0.80,2563,2027,1.26,216.36%,"13:14 ET"
SPCE,15.63,Call,16.00,05/29/20,7,0.78,0.8,0.82,0.81,3812,3034,1.26,111.43%,"13:26 ET"
AMD,54.99,Put,55.00,05/22/20,0,0.16,0.17,0.17,0.17,10663,8473,1.26,0.00%,"13:26 ET"
TSLA,824.12,Put,780.00,05/29/20,7,7.95,8.03,8.10,8.10,566,454,1.25,54.03%,"13:13 ET"
AMZN,2444.23,Put,2425.00,05/22/20,0,0.81,0.86,0.91,0.90,1139,909,1.25,0.00%,"13:26 ET"
NCLH,13.92,Call,14.50,05/29/20,7,0.35,0.4,0.45,0.45,1724,1383,1.25,96.18%,"13:17 ET"
BMY,61.23,Put,58.00,05/29/20,7,0.09,0.1,0.11,0.14,525,424,1.24,32.10%,"12:41 ET"
LYFT,30.71,Put,30.00,05/29/20,7,0.83,0.86,0.88,0.90,994,803,1.24,65.99%,"13:03 ET"
FB,232.73,Put,230.00,05/29/20,7,2.91,2.93,2.95,2.94,3828,3080,1.24,33.00%,"13:21 ET"
DIS,117.71,Call,118.00,05/22/20,0,0.27,0.29,0.31,0.31,3846,3101,1.24,0.00%,"13:18 ET"
"Downloaded from Barchart.com as of 05-22-2020 12:40pm CDT"
